Preparation,Application,Examination,Overall,course,min_category,atrisk
59.06666666666667,89.4,73.30574555403557,59.06666666666667,winter2025,Preparation,False
100.0,92.0,96.51162790697674,92.0,winter2025,Application,False
67.2,60.4,81.35841313269493,60.4,winter2025,Application,False
92.0,99.0,99.70588235294117,92.0,winter2025,Preparation,False
88.61333333333332,98.583,88.29958960328318,88.29958960328318,winter2025,Examination,False
82.13333333333334,92.71700000000001,77.93160054719561,77.93160054719561,winter2025,Examination,False
100.0,100.0,95.15116279069767,95.15116279069767,winter2025,Examination,False
100.0,100.0,100.0,100.0,winter2025,Preparation,False
87.2,82.0,97.98837209302326,82.0,winter2025,Application,False
95.66666666666669,96.0,75.0,75.0,winter2025,Examination,False
75.06666666666666,100.0,96.51162790697674,75.06666666666666,winter2025,Preparation,False
47.49333333333333,49.68299999999999,44.097127222982216,44.097127222982216,winter2025,Examination,True
90.13333333333333,93.5,91.96238030095759,90.13333333333333,winter2025,Preparation,False
92.0,98.0,97.67441860465117,92.0,winter2025,Preparation,False
92.0,98.0,97.44186046511628,92.0,winter2025,Preparation,False
95.66666666666669,96.5,94.01436388508891,94.01436388508891,winter2025,Examination,False
99.34,100.0,99.83720930232559,99.34,winter2025,Preparation,False
92.0,80.0,95.04103967168263,80.0,winter2025,Application,False
99.66666666666669,96.0,96.18604651162791,96.0,winter2025,Application,False
95.66666666666669,99.0,95.34883720930233,95.34883720930233,winter2025,Examination,False
96.0,99.0,98.51162790697674,96.0,winter2025,Preparation,False
96.0,99.0,99.80232558139534,96.0,winter2025,Preparation,False
96.33333333333334,93.2,98.2329001367989,93.2,winter2025,Application,False
96.0,100.0,99.80232558139534,96.0,winter2025,Preparation,False
88.0,100.0,99.87209302325581,88.0,winter2025,Preparation,False
42.66666666666666,39.45,0.0,0.0,winter2025,Examination,True
96.0,100.0,94.85704514363886,94.85704514363886,winter2025,Examination,False
96.0,99.0,96.33720930232559,96.0,winter2025,Preparation,False
96.0,97.0,88.5403556771546,88.5403556771546,winter2025,Examination,False
96.0,98.0,97.47674418604652,96.0,winter2025,Preparation,False
87.2,87.35,92.82558139534883,87.2,winter2025,Preparation,False
100.0,100.0,95.9155266757866,95.9155266757866,winter2025,Examination,False
100.0,100.0,97.67441860465117,97.67441860465117,winter2025,Examination,False
92.0,79.95,95.59439124487004,79.95,winter2025,Application,False
100.0,100.0,96.12790697674419,96.12790697674419,winter2025,Examination,False
100.0,99.0,92.90082079343365,92.90082079343365,winter2025,Examination,False
90.82666666666665,89.0,93.6798905608755,89.0,winter2025,Application,False
60.0,97.0,89.4938440492476,60.0,winter2025,Preparation,False
87.32,99.0,90.95075239398085,87.32,winter2025,Preparation,False
100.0,100.0,99.74418604651163,99.74418604651163,winter2025,Examination,False
99.66666666666669,96.4,91.25068399452805,91.25068399452805,winter2025,Examination,False
88.0,94.833,94.13406292749657,88.0,winter2025,Preparation,False
95.04,93.4,97.47674418604652,93.4,winter2025,Application,False
95.04,96.0,99.56976744186048,95.04,winter2025,Preparation,False
100.0,100.0,96.8953488372093,96.8953488372093,winter2025,Examination,False
96.0,95.0,97.31053351573186,95.0,winter2025,Application,False
91.33333333333331,95.0,93.27633378932968,91.33333333333331,winter2025,Preparation,False
57.26666666666667,68.7,76.22435020519836,57.26666666666667,winter2025,Preparation,True
89.61333333333332,96.0,86.27086183310534,86.27086183310534,winter2025,Examination,False
100.0,100.0,98.83720930232558,98.83720930232558,winter2025,Examination,False
100.0,100.0,100.0,100.0,winter2025,Preparation,False
98.0,89.0,96.78522571819425,89.0,winter2025,Application,False
96.0,79.0,89.88440492476059,79.0,winter2025,Application,False
100.0,91.0,99.88372093023256,91.0,winter2025,Application,False
100.0,97.0,95.91313269493844,95.91313269493844,winter2025,Examination,False
100.0,100.0,100.0,100.0,winter2025,Preparation,False
84.0,99.483,84.1515047879617,84.0,winter2025,Preparation,False
91.33333333333331,85.0,93.45485636114913,85.0,winter2025,Application,False
67.74666666666667,79.017,89.04924760601915,67.74666666666667,winter2025,Preparation,False
96.16666666666669,97.0,93.17715458276334,93.17715458276334,winter2025,Examination,False
100.0,100.0,93.69425444596442,93.69425444596442,winter2025,Examination,False
94.00000000000001,89.30000000000001,85.48632010943912,85.48632010943912,winter2025,Examination,False
58.36666666666668,67.80000000000001,78.25581395348837,58.36666666666668,winter2025,Preparation,False
99.19333333333333,98.0,88.90560875512996,88.90560875512996,winter2025,Examination,False
99.6,100.0,98.83720930232558,98.83720930232558,winter2025,Examination,False
100.0,100.0,99.6860465116279,99.6860465116279,winter2025,Examination,False
96.0,99.0,99.4093707250342,96.0,winter2025,Preparation,False
100.0,97.0,98.72093023255815,97.0,winter2025,Application,False
100.0,98.0,95.34883720930233,95.34883720930233,winter2025,Examination,False
99.34,95.0,97.38030095759234,95.0,winter2025,Application,False
100.0,100.0,99.88372093023256,99.88372093023256,winter2025,Examination,False
100.0,96.4,98.38235294117646,96.4,winter2025,Application,False
93.6,97.6,90.0656634746922,90.0656634746922,winter2025,Examination,False
89.18666666666667,98.6,80.55198358413134,80.55198358413134,winter2025,Examination,False
99.2,97.4,94.0560875512996,94.0560875512996,winter2025,Examination,False
82.0,100.0,97.47674418604652,82.0,winter2025,Preparation,False
100.0,99.0,95.15116279069767,95.15116279069767,winter2025,Examination,False
100.0,100.0,100.0,100.0,winter2025,Preparation,False
72.0,84.80000000000001,90.89603283173734,72.0,winter2025,Preparation,False
92.0,94.0,95.67099863201094,92.0,winter2025,Preparation,False
100.0,99.0,100.0,99.0,winter2025,Application,False
62.28666666666667,82.4,91.52530779753761,62.28666666666667,winter2025,Preparation,False
100.0,99.0,100.0,99.0,winter2025,Application,False
82.0,66.0,94.56292749658003,66.0,winter2025,Application,False
95.61333333333334,99.333,90.27359781121751,90.27359781121751,winter2025,Examination,False
96.0,98.0,99.80232558139534,96.0,winter2025,Preparation,False
86.95333333333333,89.5,87.33857729138167,86.95333333333333,winter2025,Preparation,False
83.33333333333331,100.0,93.04480164158687,83.33333333333331,winter2025,Preparation,False
100.0,96.0,98.25581395348837,96.0,winter2025,Application,False
100.0,100.0,100.0,100.0,winter2025,Preparation,False
92.0,92.0,97.44186046511628,92.0,winter2025,Preparation,False
73.52666666666667,80.9,77.85088919288646,73.52666666666667,winter2025,Preparation,False
68.50666666666667,73.4,97.47674418604652,68.50666666666667,winter2025,Preparation,False
100.0,96.0,82.77086183310533,82.77086183310533,winter2025,Examination,False
53.653333333333336,87.833,80.35225718194253,53.653333333333336,winter2025,Preparation,True
92.0,96.733,100.0,92.0,winter2025,Preparation,False
99.66666666666669,99.0,89.20998632010945,89.20998632010945,winter2025,Examination,False
92.0,100.0,100.0,92.0,winter2025,Preparation,False
96.0,96.0,100.0,96.0,winter2025,Preparation,False
96.0,94.5,97.2311901504788,94.5,winter2025,Application,False
100.0,99.0,99.8139534883721,99.0,winter2025,Application,False
100.0,99.0,100.0,99.0,winter2025,Application,False
100.0,100.0,96.31395348837209,96.31395348837209,winter2025,Examination,False
69.2,79.6,90.63679890560874,69.2,winter2025,Preparation,False
100.0,100.0,100.0,100.0,winter2025,Preparation,False
100.0,100.0,98.69117647058823,98.69117647058823,winter2025,Examination,False
100.0,99.0,96.04651162790698,96.04651162790698,winter2025,Examination,False
75.52666666666667,78.483,72.89740082079344,72.89740082079344,winter2025,Examination,False
94.46,93.0,94.16142270861832,93.0,winter2025,Application,False
82.77333333333333,88.667,91.20554035567714,82.77333333333333,winter2025,Preparation,False
91.18666666666667,99.0,93.41928864569083,91.18666666666667,winter2025,Preparation,False
58.0,50.5,90.22879616963064,50.5,winter2025,Application,True
84.32666666666665,98.083,82.47606019151846,82.47606019151846,winter2025,Examination,False
96.93333333333334,97.717,91.79958960328318,91.79958960328318,winter2025,Examination,False
96.0,96.0,98.74418604651163,96.0,winter2025,Preparation,False
100.0,99.0,99.55642954856361,99.0,winter2025,Application,False
80.40666666666667,94.4,80.48016415868673,80.40666666666667,winter2025,Preparation,False
100.0,98.0,94.51778385772914,94.51778385772914,winter2025,Examination,False
90.66,96.4,97.4186046511628,90.66,winter2025,Preparation,False
92.0,92.0,98.45348837209302,92.0,winter2025,Preparation,False
94.56666666666668,71.0,87.59302325581396,71.0,winter2025,Application,False
95.52666666666669,99.0,98.83720930232558,95.52666666666669,winter2025,Preparation,False
100.0,100.0,100.0,100.0,winter2025,Preparation,False
96.0,100.0,96.78522571819425,96.0,winter2025,Preparation,False
100.0,100.0,97.9001367989056,97.9001367989056,winter2025,Examination,False
95.66666666666669,98.0,95.25581395348837,95.25581395348837,winter2025,Examination,False
92.0,99.0,96.21751025991792,92.0,winter2025,Preparation,False
96.0,100.0,96.78522571819425,96.0,winter2025,Preparation,False
100.0,99.0,92.90629274965801,92.90629274965801,winter2025,Examination,False
78.86666666666667,92.683,95.34883720930233,78.86666666666667,winter2025,Preparation,False
99.66666666666669,100.0,96.61080711354309,96.61080711354309,winter2025,Examination,False
80.0,80.0,98.52941176470588,80.0,winter2025,Preparation,False
100.0,93.5,94.60499316005472,93.5,winter2025,Application,False
96.0,100.0,95.56976744186046,95.56976744186046,winter2025,Examination,False
95.33333333333334,99.0,100.0,95.33333333333334,winter2025,Preparation,False
96.0,96.4,95.72571819425445,95.72571819425445,winter2025,Examination,False
88.0,88.75,85.96169630642954,85.96169630642954,winter2025,Examination,False
92.0,96.0,95.04103967168263,92.0,winter2025,Preparation,False
99.66666666666669,100.0,100.0,99.66666666666669,winter2025,Preparation,False
98.0,98.0,98.63953488372093,98.0,winter2025,Preparation,False
100.0,93.4,99.41860465116278,93.4,winter2025,Application,False
96.13333333333334,78.35,86.82694938440493,78.35,winter2025,Application,False
95.66666666666669,96.0,98.63953488372093,95.66666666666669,winter2025,Preparation,False
98.53333333333335,92.65,93.95348837209302,92.65,winter2025,Application,False
86.36666666666667,100.0,80.79445964432286,80.79445964432286,winter2025,Examination,False
96.0,90.0,92.1751025991792,90.0,winter2025,Application,False
87.2,89.0,97.67441860465117,87.2,winter2025,Preparation,False
95.2,97.0,98.24897400820794,95.2,winter2025,Preparation,False
98.86666666666667,100.0,96.51162790697674,96.51162790697674,winter2025,Examination,False
96.0,92.5,98.63953488372093,92.5,winter2025,Application,False
96.0,100.0,100.0,96.0,winter2025,Preparation,False
94.86666666666667,77.0,95.66279069767442,77.0,winter2025,Application,False
97.6,90.767,94.31326949384405,90.767,winter2025,Application,False
76.25,98.0,95.04103967168263,76.25,winter2025,Preparation,False
92.34,100.0,93.37277701778385,92.34,winter2025,Preparation,False
85.88,75.1,85.62175102599178,75.1,winter2025,Application,False
98.96,99.9,97.67441860465117,97.67441860465117,winter2025,Examination,False
56.28,80.0,70.53488372093022,56.28,winter2025,Preparation,True
84.76,99.0,91.86046511627907,84.76,winter2025,Preparation,False
94.96,95.0,92.79138166894664,92.79138166894664,winter2025,Examination,False
75.64,91.0,92.36046511627907,75.64,winter2025,Preparation,False
54.8,85.15,51.731190150478795,51.731190150478795,winter2025,Examination,True
84.26666666666667,97.0,96.88030095759234,84.26666666666667,winter2025,Preparation,False
96.0,94.0,90.65663474692202,90.65663474692202,winter2025,Examination,False
95.6,97.5,97.79172366621066,95.6,winter2025,Preparation,False
80.0,84.5,77.55198358413132,77.55198358413132,winter2025,Examination,False
96.0,99.0,97.67441860465117,96.0,winter2025,Preparation,False
96.0,97.4,94.04651162790698,94.04651162790698,winter2025,Examination,False
96.0,99.0,98.63953488372093,96.0,winter2025,Preparation,False
92.0,99.0,96.24897400820794,92.0,winter2025,Preparation,False
99.2,99.0,93.57045143638851,93.57045143638851,winter2025,Examination,False
100.0,96.0,96.69562243502051,96.0,winter2025,Application,False
100.0,98.96700000000001,97.45759233926128,97.45759233926128,winter2025,Examination,False
38.9,56.467,83.71819425444596,38.9,winter2025,Preparation,True
96.0,91.5,92.1501367989056,91.5,winter2025,Application,False
96.48,90.8,93.07216142270862,90.8,winter2025,Application,False
100.0,97.0,99.32216142270862,97.0,winter2025,Application,False
96.0,87.0,92.11354309165526,87.0,winter2025,Application,False
96.0,99.0,98.63953488372093,96.0,winter2025,Preparation,False
96.0,100.0,100.0,96.0,winter2025,Preparation,False
92.0,100.0,98.83720930232558,92.0,winter2025,Preparation,False
100.0,99.0,98.34541723666212,98.34541723666212,winter2025,Examination,False
96.0,95.0,96.31429548563611,95.0,winter2025,Application,False
96.0,100.0,98.83720930232558,96.0,winter2025,Preparation,False
100.0,98.5,96.78522571819425,96.78522571819425,winter2025,Examination,False
92.0,99.0,98.83720930232558,92.0,winter2025,Preparation,False
100.0,100.0,94.87688098495212,94.87688098495212,winter2025,Examination,False
100.0,100.0,95.9186046511628,95.9186046511628,winter2025,Examination,False
90.00666666666667,68.9,93.45417236662107,68.9,winter2025,Application,False
100.0,100.0,97.54445964432284,97.54445964432284,winter2025,Examination,False
88.0,96.0,91.5297537619699,88.0,winter2025,Preparation,False
100.0,92.0,97.02325581395348,92.0,winter2025,Application,False
96.0,100.0,97.67441860465117,96.0,winter2025,Preparation,False
100.0,100.0,99.5,99.5,winter2025,Examination,False
91.66666666666669,99.0,93.76196990424077,91.66666666666669,winter2025,Preparation,False
100.0,97.5,98.52325581395348,97.5,winter2025,Application,False
92.0,99.0,82.30095759233924,82.30095759233924,winter2025,Examination,False
97.66666666666669,93.5,93.14021887824897,93.14021887824897,winter2025,Examination,False
94.08000000000001,67.65,65.58926128590971,65.58926128590971,winter2025,Examination,False
88.0,95.0,94.43296853625169,88.0,winter2025,Preparation,False
74.65333333333332,74.15,82.68194254445964,74.15,winter2025,Application,False
91.2,98.5,89.32079343365253,89.32079343365253,winter2025,Examination,False
79.03999999999999,96.5,94.46545827633379,79.03999999999999,winter2025,Preparation,False
96.0,94.0,76.89261285909713,76.89261285909713,winter2025,Examination,False
100.0,99.0,96.25581395348837,96.25581395348837,winter2025,Examination,False
95.54666666666667,98.833,89.49145006839946,89.49145006839946,winter2025,Examination,False
91.52,98.75,92.51231190150479,91.52,winter2025,Preparation,False
88.0,100.0,91.70998632010944,88.0,winter2025,Preparation,False
97.85333333333332,93.5,86.7298221614227,86.7298221614227,winter2025,Examination,False
95.33333333333331,95.95,96.51162790697674,95.33333333333331,winter2025,Preparation,False
96.0,93.4,99.16279069767441,93.4,winter2025,Application,False
94.0,100.0,98.83720930232558,94.0,winter2025,Preparation,False
96.0,99.0,96.01162790697674,96.0,winter2025,Preparation,False
85.50666666666666,90.64999999999999,94.2688098495212,85.50666666666666,winter2025,Preparation,False
78.0,83.0,93.31053351573186,78.0,winter2025,Preparation,False
91.0,98.9,98.45348837209302,91.0,winter2025,Preparation,False
99.48,97.467,93.54719562243501,93.54719562243501,winter2025,Examination,False
100.0,100.0,97.47674418604652,97.47674418604652,winter2025,Examination,False
90.66666666666666,82.0,74.80027359781123,74.80027359781123,winter2025,Examination,False
96.0,99.0,95.22093023255815,95.22093023255815,winter2025,Examination,False
100.0,100.0,99.4093707250342,99.4093707250342,winter2025,Examination,False
60.70666666666667,98.0,96.3953488372093,60.70666666666667,winter2025,Preparation,False
95.2,98.0,98.12585499316006,95.2,winter2025,Preparation,False
88.0,100.0,87.41860465116278,87.41860465116278,winter2025,Examination,False
96.0,100.0,97.67441860465117,96.0,winter2025,Preparation,False
83.86666666666667,95.5,91.58686730506156,83.86666666666667,winter2025,Preparation,False
90.86666666666667,91.4,91.37243502051983,90.86666666666667,winter2025,Preparation,False
92.0,95.0,90.71409028727771,90.71409028727771,winter2025,Examination,False
96.0,98.0,98.2329001367989,96.0,winter2025,Preparation,False
83.72,88.417,87.29103967168264,83.72,winter2025,Preparation,False
96.0,88.0,91.8139534883721,88.0,winter2025,Application,False
98.0,100.0,93.25341997264022,93.25341997264022,winter2025,Examination,False
46.07333333333334,86.45,91.82558139534883,46.07333333333334,winter2025,Preparation,True
58.86666666666668,72.4,81.26607387140902,58.86666666666668,winter2025,Preparation,False
90.66666666666669,98.0,88.7421340629275,88.7421340629275,winter2025,Examination,False
92.0,100.0,96.61525307797537,92.0,winter2025,Preparation,False
85.0,98.667,94.35704514363886,85.0,winter2025,Preparation,False
100.0,100.0,98.83720930232558,98.83720930232558,winter2025,Examination,False
62.4,85.2,85.65731874145007,62.4,winter2025,Preparation,False
96.0,98.85,94.13953488372093,94.13953488372093,winter2025,Examination,False
100.0,98.0,94.12790697674419,94.12790697674419,winter2025,Examination,False
79.32,98.0,92.98905608755129,79.32,winter2025,Preparation,False
99.2,100.0,98.83720930232558,98.83720930232558,winter2025,Examination,False
100.0,99.0,100.0,99.0,winter2025,Application,False
96.88666666666668,72.80000000000001,92.21545827633379,72.80000000000001,winter2025,Application,False
46.593333333333334,41.00000000000001,43.529411764705884,41.00000000000001,winter2025,Application,True
99.66666666666669,96.0,96.12790697674419,96.0,winter2025,Application,False
96.0,98.0,99.76744186046511,96.0,winter2025,Preparation,False
98.0,90.4,89.43673050615595,89.43673050615595,winter2025,Examination,False
76.0,70.0,65.58139534883722,65.58139534883722,winter2025,Examination,False
96.0,96.0,96.31395348837209,96.0,winter2025,Preparation,False
93.0,99.0,92.41655266757866,92.41655266757866,winter2025,Examination,False
92.0,100.0,95.86080711354309,92.0,winter2025,Preparation,False
37.86666666666667,23.667,0.0,0.0,winter2025,Examination,True
100.0,99.0,95.49316005471957,95.49316005471957,winter2025,Examination,False
96.0,99.0,98.83720930232558,96.0,winter2025,Preparation,False
96.0,99.0,99.15116279069767,96.0,winter2025,Preparation,False
94.86666666666667,97.96700000000001,93.59097127222984,93.59097127222984,winter2025,Examination,False
96.46666666666665,94.2,96.51162790697674,94.2,winter2025,Application,False
100.0,95.0,97.67441860465117,95.0,winter2025,Application,False
82.86666666666667,97.94999999999999,95.24487004103968,82.86666666666667,winter2025,Preparation,False
91.66666666666669,93.0,98.6046511627907,91.66666666666669,winter2025,Preparation,False
72.11999999999999,87.86700000000002,88.48153214774281,72.11999999999999,winter2025,Preparation,False
92.0,97.0,98.83720930232558,92.0,winter2025,Preparation,False
80.0,89.0,82.76060191518468,80.0,winter2025,Preparation,False
59.22,77.63300000000001,91.96067031463747,59.22,winter2025,Preparation,False
100.0,100.0,97.67441860465117,97.67441860465117,winter2025,Examination,False
100.0,100.0,99.14774281805745,99.14774281805745,winter2025,Examination,False
88.6,97.14999999999999,85.43091655266758,85.43091655266758,winter2025,Examination,False
95.4,99.0,94.46545827633379,94.46545827633379,winter2025,Examination,False
77.15333333333334,96.333,92.34678522571821,77.15333333333334,winter2025,Preparation,False
96.0,100.0,96.61080711354309,96.0,winter2025,Preparation,False
100.0,100.0,96.54445964432284,96.54445964432284,winter2025,Examination,False
54.81333333333333,85.95000000000002,75.8953488372093,54.81333333333333,winter2025,Preparation,True
88.0,96.5,96.1908344733242,88.0,winter2025,Preparation,False
100.0,98.0,99.85294117647058,98.0,winter2025,Application,False
85.33333333333331,99.0,92.40766073871409,85.33333333333331,winter2025,Preparation,False
96.0,99.0,98.33720930232559,96.0,winter2025,Preparation,False
90.86666666666667,79.96700000000001,89.73563611491109,79.96700000000001,winter2025,Application,False
85.46666666666665,85.05,80.73700410396717,80.73700410396717,winter2025,Examination,False
100.0,88.0,97.67441860465117,88.0,winter2025,Application,False
96.0,93.0,85.38885088919288,85.38885088919288,winter2025,Examination,False
99.92,99.0,99.95348837209303,99.0,winter2025,Application,False
79.16,99.9,83.02393980848153,79.16,winter2025,Preparation,False
95.90666666666667,97.5,98.52941176470588,95.90666666666667,winter2025,Preparation,False
90.66666666666669,91.5,96.44151846785225,90.66666666666669,winter2025,Preparation,False
75.88,89.233,92.9422024623803,75.88,winter2025,Preparation,False
92.0,93.0,97.32592339261286,92.0,winter2025,Preparation,False
100.0,98.0,98.69767441860466,98.0,winter2025,Application,False
96.0,83.6,96.65595075239398,83.6,winter2025,Application,False
88.8,100.0,98.45348837209302,88.8,winter2025,Preparation,False
100.0,99.0,99.13030095759234,99.0,winter2025,Application,False
85.58666666666667,94.89999999999999,84.02257181942544,84.02257181942544,winter2025,Examination,False
88.0,89.0,94.18604651162791,88.0,winter2025,Preparation,False
100.0,99.0,92.5656634746922,92.5656634746922,winter2025,Examination,False
96.0,99.0,100.0,96.0,winter2025,Preparation,False
98.0,100.0,96.12790697674419,96.12790697674419,winter2025,Examination,False
100.0,100.0,98.83720930232558,98.83720930232558,winter2025,Examination,False
87.8,87.4,77.7298221614227,77.7298221614227,winter2025,Examination,False
92.0,92.0,93.84404924760602,92.0,winter2025,Preparation,False
100.0,100.0,99.80232558139534,99.80232558139534,winter2025,Examination,False
92.0,100.0,93.40697674418604,92.0,winter2025,Preparation,False
79.86666666666666,85.06700000000001,80.88372093023256,79.86666666666666,winter2025,Preparation,False
100.0,98.0,98.72093023255815,98.0,winter2025,Application,False
88.86666666666667,94.2,97.95383036935705,88.86666666666667,winter2025,Preparation,False
94.97333333333331,95.45,91.50547195622434,91.50547195622434,winter2025,Examination,False
100.0,100.0,97.02735978112176,97.02735978112176,winter2025,Examination,False
99.2,98.0,88.68673050615595,88.68673050615595,winter2025,Examination,False
82.38666666666668,97.85,97.94117647058823,82.38666666666668,winter2025,Preparation,False
100.0,99.0,99.88372093023256,99.0,winter2025,Application,False
80.0,91.5,83.44117647058823,80.0,winter2025,Preparation,False
85.33333333333331,96.4,94.57250341997263,85.33333333333331,winter2025,Preparation,False
97.18666666666667,93.80000000000001,97.47674418604652,93.80000000000001,winter2025,Application,False
100.0,94.0,98.63953488372093,94.0,winter2025,Application,False
92.0,82.0,89.02530779753762,82.0,winter2025,Application,False
62.37333333333334,73.0,91.08207934336525,62.37333333333334,winter2025,Preparation,False
96.0,100.0,94.87893296853625,94.87893296853625,winter2025,Examination,False
82.53333333333335,84.5,85.0,82.53333333333335,winter2025,Preparation,False
100.0,100.0,100.0,100.0,winter2025,Preparation,False
66.66666666666666,96.267,85.96511627906978,66.66666666666666,winter2025,Preparation,False
96.0,99.0,95.69767441860465,95.69767441860465,winter2025,Examination,False
92.0,99.0,94.87106703146374,92.0,winter2025,Preparation,False
68.0,100.0,90.64637482900136,68.0,winter2025,Preparation,False
75.89333333333333,98.0,100.0,75.89333333333333,winter2025,Preparation,False
100.0,99.0,100.0,99.0,winter2025,Application,False
100.0,98.0,95.87551299589603,95.87551299589603,winter2025,Examination,False
95.66666666666669,97.5,96.51162790697674,95.66666666666669,winter2025,Preparation,False
100.0,100.0,97.47674418604652,97.47674418604652,winter2025,Examination,False
90.86666666666667,96.0,96.64569083447333,90.86666666666667,winter2025,Preparation,False
96.0,99.0,98.54309165526675,96.0,winter2025,Preparation,False
96.0,100.0,92.69425444596442,92.69425444596442,winter2025,Examination,False
80.0,84.4,92.23050615595076,80.0,winter2025,Preparation,False
98.0,94.2,97.67441860465117,94.2,winter2025,Application,False
99.2,100.0,98.7906976744186,98.7906976744186,winter2025,Examination,False
96.0,99.0,99.80232558139534,96.0,winter2025,Preparation,False
88.0,97.95,96.97674418604652,88.0,winter2025,Preparation,False
96.0,97.4,98.72093023255815,96.0,winter2025,Preparation,False
93.76,95.0,91.21511627906976,91.21511627906976,winter2025,Examination,False
92.0,92.0,92.7906976744186,92.0,winter2025,Preparation,False
96.0,100.0,99.43023255813952,96.0,winter2025,Preparation,False
100.0,100.0,100.0,100.0,winter2025,Preparation,False
92.0,100.0,99.80232558139534,92.0,winter2025,Preparation,False
85.33333333333331,100.0,77.0793433652531,77.0793433652531,winter2025,Examination,False
98.38666666666668,86.0,93.48837209302326,86.0,winter2025,Application,False
92.0,100.0,98.52325581395348,92.0,winter2025,Preparation,False
100.0,96.4,95.11627906976744,95.11627906976744,winter2025,Examination,False
88.0,67.0,82.12551299589605,67.0,winter2025,Application,False
56.0,89.0,97.67441860465117,56.0,winter2025,Preparation,True
87.68,99.0,94.96511627906978,87.68,winter2025,Preparation,False
92.0,100.0,92.85909712722298,92.0,winter2025,Preparation,False
54.00666666666667,95.36699999999999,97.3454172366621,54.00666666666667,winter2025,Preparation,True
93.33333333333331,98.9,95.95417236662107,93.33333333333331,winter2025,Preparation,False
84.0,97.25,90.59165526675787,84.0,winter2025,Preparation,False
98.66666666666669,94.85,90.08207934336525,90.08207934336525,winter2025,Examination,False
88.0,98.0,97.55813953488372,88.0,winter2025,Preparation,False
65.81333333333333,96.767,87.43502051983583,65.81333333333333,winter2025,Preparation,False
93.6,97.30000000000001,94.99589603283172,93.6,winter2025,Preparation,False
87.59333333333333,97.0,99.24418604651163,87.59333333333333,winter2025,Preparation,False
91.66666666666669,79.0,95.16757865937072,79.0,winter2025,Application,False
76.02666666666667,94.05000000000001,90.89603283173734,76.02666666666667,winter2025,Preparation,False
83.66666666666669,98.0,90.96887824897401,83.66666666666669,winter2025,Preparation,False
88.0,100.0,99.41860465116278,88.0,winter2025,Preparation,False
75.8,82.0,93.2906976744186,75.8,winter2025,Preparation,False
71.10666666666667,90.0,89.90697674418604,71.10666666666667,winter2025,Preparation,False
91.2,98.0,90.37277701778385,90.37277701778385,winter2025,Examination,False
99.77333333333334,89.0,91.97332421340629,89.0,winter2025,Application,False
85.73333333333333,97.0,85.74213406292749,85.73333333333333,winter2025,Preparation,False
92.0,98.0,97.47674418604652,92.0,winter2025,Preparation,False
84.0,99.5,96.15731874145007,84.0,winter2025,Preparation,False
99.66666666666669,97.4,91.25068399452805,91.25068399452805,winter2025,Examination,False
97.19999999999999,90.0,90.62859097127222,90.0,winter2025,Application,False
100.0,93.0,100.0,93.0,winter2025,Application,False
63.77333333333333,81.65,89.90492476060192,63.77333333333333,winter2025,Preparation,False
69.76666666666667,47.0,92.20998632010944,47.0,winter2025,Application,True
75.2,79.69999999999999,81.72640218878249,75.2,winter2025,Preparation,False
92.0,98.0,88.81532147742817,88.81532147742817,winter2025,Examination,False
100.0,99.0,95.34883720930233,95.34883720930233,winter2025,Examination,False
90.34,98.0,97.4186046511628,90.34,winter2025,Preparation,False
96.0,100.0,100.0,96.0,winter2025,Preparation,False
100.0,98.0,98.63953488372093,98.0,winter2025,Application,False
92.53333333333335,89.0,98.52941176470588,89.0,winter2025,Application,False
96.0,95.0,97.47674418604652,95.0,winter2025,Application,False
62.93333333333333,99.0,85.09370725034199,62.93333333333333,winter2025,Preparation,False
83.18666666666667,86.0,87.57523939808482,83.18666666666667,winter2025,Preparation,False
99.2,99.0,98.83720930232558,98.83720930232558,winter2025,Examination,False
88.0,83.6,98.02325581395348,83.6,winter2025,Application,False
96.0,89.9,96.21751025991792,89.9,winter2025,Application,False
96.0,100.0,98.83720930232558,96.0,winter2025,Preparation,False
89.5,80.1,79.34610123119015,79.34610123119015,winter2025,Examination,False
94.10666666666665,98.0,95.25581395348837,94.10666666666665,winter2025,Preparation,False
91.76,96.9,91.53454172366621,91.53454172366621,winter2025,Examination,False
88.17333333333335,100.0,99.80232558139534,88.17333333333335,winter2025,Preparation,False
63.040000000000006,85.78299999999999,83.69972640218877,63.040000000000006,winter2025,Preparation,False
92.0,99.0,94.2688098495212,92.0,winter2025,Preparation,False
90.73333333333336,94.4,94.5827633378933,90.73333333333336,winter2025,Preparation,False
92.0,99.45,95.02325581395348,92.0,winter2025,Preparation,False
84.0,93.4,95.05471956224349,84.0,winter2025,Preparation,False
95.66666666666669,97.0,99.88372093023256,95.66666666666669,winter2025,Preparation,False
96.0,97.0,96.27906976744185,96.0,winter2025,Preparation,False
89.6,97.0,98.63953488372093,89.6,winter2025,Preparation,False
87.41999999999999,85.5,80.984268125855,80.984268125855,winter2025,Examination,False
96.0,99.0,95.04103967168263,95.04103967168263,winter2025,Examination,False
97.78666666666666,95.85,95.32216142270862,95.32216142270862,winter2025,Examination,False
88.5,69.0,91.04719562243501,69.0,winter2025,Application,False
96.0,100.0,100.0,96.0,winter2025,Preparation,False
100.0,100.0,92.87722298221614,92.87722298221614,winter2025,Examination,False
92.0,99.0,97.67441860465117,92.0,winter2025,Preparation,False
71.2,56.5,75.10875512995895,56.5,winter2025,Application,True
59.0,96.4,83.53693570451438,59.0,winter2025,Preparation,False
96.0,99.45,97.67441860465117,96.0,winter2025,Preparation,False
75.16,81.467,78.03522571819425,75.16,winter2025,Preparation,False
93.22,98.4,92.30437756497948,92.30437756497948,winter2025,Examination,False
87.88,92.0,93.57045143638851,87.88,winter2025,Preparation,False
99.2,99.0,96.29924760601915,96.29924760601915,winter2025,Examination,False
92.0,95.0,95.59165526675787,92.0,winter2025,Preparation,False
46.88,71.783,62.32421340629275,46.88,winter2025,Preparation,True
82.66666666666666,98.867,86.71032831737344,82.66666666666666,winter2025,Preparation,False
90.78666666666666,99.0,77.7626538987688,77.7626538987688,winter2025,Examination,False
72.12,93.81700000000001,64.80061559507524,64.80061559507524,winter2025,Examination,False
65.54666666666668,95.1,82.60670314637483,65.54666666666668,winter2025,Preparation,False
75.42666666666668,80.89999999999999,84.61696306429548,75.42666666666668,winter2025,Preparation,False
92.0,96.4,100.0,92.0,winter2025,Preparation,False
74.1,98.583,96.21751025991792,74.1,winter2025,Preparation,False
91.66666666666669,98.367,84.95280437756497,84.95280437756497,winter2025,Examination,False
92.0,100.0,96.88030095759234,92.0,winter2025,Preparation,False
88.0,98.0,96.19459644322845,88.0,winter2025,Preparation,False
96.0,99.0,90.4452804377565,90.4452804377565,winter2025,Examination,False
100.0,98.0,100.0,98.0,winter2025,Application,False
86.97333333333331,98.0,98.54651162790697,86.97333333333331,winter2025,Preparation,False
64.88666666666666,93.467,87.24863201094391,64.88666666666666,winter2025,Preparation,False
96.0,97.0,98.72093023255815,96.0,winter2025,Preparation,False
96.0,100.0,100.0,96.0,winter2025,Preparation,False
100.0,100.0,100.0,100.0,winter2025,Preparation,False
68.0,89.4,95.04103967168263,68.0,winter2025,Preparation,False
99.2,95.0,98.45348837209302,95.0,winter2025,Application,False
95.32666666666665,99.0,96.54651162790698,95.32666666666665,winter2025,Preparation,False
91.66666666666669,100.0,98.83720930232558,91.66666666666669,winter2025,Preparation,False
96.0,100.0,100.0,96.0,winter2025,Preparation,False
100.0,100.0,96.51162790697674,96.51162790697674,winter2025,Examination,False
100.0,99.0,97.67441860465117,97.67441860465117,winter2025,Examination,False
88.33333333333331,97.0,95.04103967168263,88.33333333333331,winter2025,Preparation,False
85.53333333333335,78.5,91.12790697674419,78.5,winter2025,Application,False
98.6,98.0,85.00068399452806,85.00068399452806,winter2025,Examination,False
100.0,99.0,99.80232558139534,99.0,winter2025,Application,False
100.0,99.0,90.34883720930233,90.34883720930233,winter2025,Examination,False
98.66666666666669,98.0,98.35499316005472,98.0,winter2025,Application,False
74.0,99.0,93.63953488372093,74.0,winter2025,Preparation,False
94.81333333333333,96.0,97.67441860465117,94.81333333333333,winter2025,Preparation,False
89.01333333333334,89.80000000000001,56.95554035567716,56.95554035567716,winter2025,Examination,True
89.46,86.55000000000001,89.65116279069767,86.55000000000001,winter2025,Application,False
59.37333333333334,76.0,50.0,50.0,winter2025,Examination,True
99.50666666666666,99.0,90.80642954856361,90.80642954856361,winter2025,Examination,False
88.0,93.0,94.61627906976744,88.0,winter2025,Preparation,False
95.5,100.0,91.51983584131327,91.51983584131327,winter2025,Examination,False
87.66666666666666,97.5,94.40697674418604,87.66666666666666,winter2025,Preparation,False
78.26666666666667,90.667,86.52872777017782,78.26666666666667,winter2025,Preparation,False
96.0,99.0,99.53488372093022,96.0,winter2025,Preparation,False
100.0,100.0,90.66279069767441,90.66279069767441,winter2025,Examination,False
94.70666666666668,90.25,82.22298221614227,82.22298221614227,winter2025,Examination,False
80.0,95.9,90.6046511627907,80.0,winter2025,Preparation,False
81.86666666666667,90.0,96.51162790697674,81.86666666666667,winter2025,Preparation,False
96.0,100.0,89.91689466484269,89.91689466484269,winter2025,Examination,False
100.0,99.0,97.44186046511628,97.44186046511628,winter2025,Examination,False
71.88,98.4,95.23255813953489,71.88,winter2025,Preparation,False
99.66666666666669,96.0,95.93023255813954,95.93023255813954,winter2025,Examination,False
87.82666666666665,95.85,90.08378932968536,87.82666666666665,winter2025,Preparation,False
92.0,68.6,46.76470588235294,46.76470588235294,winter2025,Examination,True
83.85333333333332,93.4,98.63953488372093,83.85333333333332,winter2025,Preparation,False
96.0,100.0,100.0,96.0,winter2025,Preparation,False
94.0,95.80000000000001,93.75820793433653,93.75820793433653,winter2025,Examination,False
96.0,100.0,92.77906976744185,92.77906976744185,winter2025,Examination,False
96.0,100.0,96.76470588235294,96.0,winter2025,Preparation,False
100.0,100.0,99.76744186046511,99.76744186046511,winter2025,Examination,False
73.33333333333333,90.0,96.30882352941177,73.33333333333333,winter2025,Preparation,False
36.260000000000005,31.317,78.38919288645691,31.317,winter2025,Application,True
100.0,100.0,98.45348837209302,98.45348837209302,winter2025,Examination,False
94.0,100.0,96.43980848153217,94.0,winter2025,Preparation,False
86.53333333333335,84.0,91.13953488372093,84.0,winter2025,Application,False
90.0,90.0,93.84404924760602,90.0,winter2025,Preparation,False
100.0,96.767,89.96580027359781,89.96580027359781,winter2025,Examination,False
100.0,100.0,96.78522571819425,96.78522571819425,winter2025,Examination,False
99.82666666666665,95.0,86.59370725034199,86.59370725034199,winter2025,Examination,False
100.0,99.0,100.0,99.0,winter2025,Application,False
93.78666666666666,99.0,95.01812585499316,93.78666666666666,winter2025,Preparation,False
92.0,87.5,94.88372093023256,87.5,winter2025,Application,False
82.18666666666667,87.85,85.02325581395348,82.18666666666667,winter2025,Preparation,False
76.0,90.0,96.17099863201094,76.0,winter2025,Preparation,False
96.0,98.0,96.48871409028727,96.0,winter2025,Preparation,False
100.0,96.4,96.3953488372093,96.3953488372093,winter2025,Examination,False
96.0,94.0,91.25854993160054,91.25854993160054,winter2025,Examination,False
100.0,100.0,96.78522571819425,96.78522571819425,winter2025,Examination,False
96.15384615384616,100.0,94.79166666666667,94.79166666666667,fall2025,Examination,False
100.0,100.0,91.04166666666666,91.04166666666666,fall2025,Examination,False
91.02564102564102,100.0,86.57916666666665,86.57916666666665,fall2025,Examination,False
77.6923076923077,88.0,77.86458333333333,77.6923076923077,fall2025,Preparation,False
86.27884615384613,100.0,80.31875,80.31875,fall2025,Examination,False
73.46153846153847,90.0,48.85416666666667,48.85416666666667,fall2025,Examination,True
96.15384615384616,100.0,97.19999999999999,96.15384615384616,fall2025,Preparation,False
100.0,100.0,83.20416666666667,83.20416666666667,fall2025,Examination,False
84.61538461538461,99.0,88.125,84.61538461538461,fall2025,Preparation,False
96.15384615384616,89.95,84.05833333333332,84.05833333333332,fall2025,Examination,False
100.0,100.0,91.66666666666666,91.66666666666666,fall2025,Examination,False
99.36538461538461,81.0,89.1625,81.0,fall2025,Application,False
81.98717948717947,99.0,80.59791666666666,80.59791666666666,fall2025,Examination,False
100.0,100.0,90.45833333333333,90.45833333333333,fall2025,Examination,False
93.26923076923077,99.93299999999999,98.2125,93.26923076923077,fall2025,Preparation,False
100.0,98.0,97.5,97.5,fall2025,Examination,False
100.0,100.0,93.96458333333334,93.96458333333334,fall2025,Examination,False
96.15384615384616,100.0,90.09791666666666,90.09791666666666,fall2025,Examination,False
95.38461538461539,100.0,97.5,95.38461538461539,fall2025,Preparation,False
100.0,100.0,96.45833333333333,96.45833333333333,fall2025,Examination,False
100.0,99.0,96.45833333333333,96.45833333333333,fall2025,Examination,False
100.0,100.0,79.57708333333333,79.57708333333333,fall2025,Examination,False
88.46153846153847,90.0,91.11250000000001,88.46153846153847,fall2025,Preparation,False
69.23076923076923,88.0,94.8625,69.23076923076923,fall2025,Preparation,False
96.15384615384616,100.0,73.32499999999999,73.32499999999999,fall2025,Examination,False
90.38461538461539,100.0,76.875,76.875,fall2025,Examination,False
100.0,100.0,99.7875,99.7875,fall2025,Examination,False
96.15384615384616,100.0,98.33333333333333,96.15384615384616,fall2025,Preparation,False
100.0,100.0,97.375,97.375,fall2025,Examination,False
100.0,100.0,98.69999999999999,98.69999999999999,fall2025,Examination,False
100.0,100.0,96.0,96.0,fall2025,Examination,False
81.68910256410255,92.5,47.25,47.25,fall2025,Examination,True
96.15384615384616,100.0,92.9125,92.9125,fall2025,Examination,False
100.0,100.0,97.4,97.4,fall2025,Examination,False
100.0,95.5,97.375,95.5,fall2025,Application,False
96.15384615384616,100.0,96.45833333333333,96.15384615384616,fall2025,Preparation,False
95.38461538461539,90.0,77.70833333333334,77.70833333333334,fall2025,Examination,False
86.6025641025641,91.0,73.22916666666666,73.22916666666666,fall2025,Examination,False
82.46153846153847,91.68299999999999,85.69999999999999,82.46153846153847,fall2025,Preparation,False
96.15384615384616,99.0,96.9625,96.15384615384616,fall2025,Preparation,False
89.42307692307692,89.367,94.7875,89.367,fall2025,Application,False
57.69230769230769,85.4,64.45833333333333,57.69230769230769,fall2025,Preparation,False
95.42628205128204,89.967,91.04166666666667,89.967,fall2025,Application,False
99.53846153846153,99.567,90.75,90.75,fall2025,Examination,False
100.0,100.0,98.75,98.75,fall2025,Examination,False
93.26923076923077,100.0,96.0375,93.26923076923077,fall2025,Preparation,False
92.3076923076923,100.0,93.96666666666667,92.3076923076923,fall2025,Preparation,False
88.13461538461539,100.0,72.80833333333334,72.80833333333334,fall2025,Examination,False
100.0,100.0,98.33333333333333,98.33333333333333,fall2025,Examination,False
100.0,100.0,88.34583333333333,88.34583333333333,fall2025,Examination,False
92.3076923076923,100.0,96.25,92.3076923076923,fall2025,Preparation,False
53.84615384615385,79.0,88.80833333333334,53.84615384615385,fall2025,Preparation,True
96.15384615384616,100.0,96.2875,96.15384615384616,fall2025,Preparation,False
96.15384615384616,100.0,96.25,96.15384615384616,fall2025,Preparation,False
95.59935897435898,98.0,97.5,95.59935897435898,fall2025,Preparation,False
98.07692307692308,98.833,80.17083333333333,80.17083333333333,fall2025,Examination,False
83.07692307692308,80.233,67.45,67.45,fall2025,Examination,False
100.0,100.0,98.75,98.75,fall2025,Examination,False
94.87179487179486,100.0,92.59166666666667,92.59166666666667,fall2025,Examination,False
96.15384615384616,97.4,89.89791666666667,89.89791666666667,fall2025,Examination,False
74.35897435897436,80.0,91.81458333333333,74.35897435897436,fall2025,Preparation,False
92.3076923076923,99.0,91.40416666666667,91.40416666666667,fall2025,Examination,False
96.15384615384616,100.0,83.24583333333334,83.24583333333334,fall2025,Examination,False
100.0,95.0,97.2875,95.0,fall2025,Application,False
95.16666666666666,95.367,88.90625,88.90625,fall2025,Examination,False
92.05128205128206,87.5,81.23333333333332,81.23333333333332,fall2025,Examination,False
88.46153846153847,99.80000000000001,82.92083333333335,82.92083333333335,fall2025,Examination,False
100.0,100.0,99.7875,99.7875,fall2025,Examination,False
97.17628205128206,96.61700000000002,73.5875,73.5875,fall2025,Examination,False
88.375,96.13300000000001,46.39583333333333,46.39583333333333,fall2025,Examination,True
100.0,99.86699999999999,60.1375,60.1375,fall2025,Examination,False
100.0,100.0,96.25,96.25,fall2025,Examination,False
88.41025641025641,90.233,75.78541666666666,75.78541666666666,fall2025,Examination,False
100.0,99.0,95.37083333333334,95.37083333333334,fall2025,Examination,False
80.125,82.0,86.875,80.125,fall2025,Preparation,False
96.15384615384616,100.0,98.41666666666667,96.15384615384616,fall2025,Preparation,False
95.25641025641025,96.0,97.93958333333333,95.25641025641025,fall2025,Preparation,False
86.59615384615384,100.0,94.26458333333332,86.59615384615384,fall2025,Preparation,False
100.0,100.0,94.91666666666666,94.91666666666666,fall2025,Examination,False
99.35897435897435,93.95,94.45,93.95,fall2025,Application,False
92.3076923076923,97.0,98.75,92.3076923076923,fall2025,Preparation,False
77.64423076923077,99.233,31.200000000000003,31.200000000000003,fall2025,Examination,True
100.0,99.0,95.10416666666667,95.10416666666667,fall2025,Examination,False
96.15384615384616,90.0,99.75,90.0,fall2025,Application,False
100.0,100.0,91.26458333333332,91.26458333333332,fall2025,Examination,False
88.46153846153847,87.0,84.70208333333332,84.70208333333332,fall2025,Examination,False
92.3076923076923,99.0,98.75,92.3076923076923,fall2025,Preparation,False
100.0,100.0,89.25,89.25,fall2025,Examination,False
100.0,100.0,99.7875,99.7875,fall2025,Examination,False
95.51923076923077,99.69999999999999,89.99375,89.99375,fall2025,Examination,False
99.35897435897435,99.0,70.99791666666667,70.99791666666667,fall2025,Examination,False
92.3076923076923,100.0,98.75,92.3076923076923,fall2025,Preparation,False
88.46153846153847,96.0,90.80000000000001,88.46153846153847,fall2025,Preparation,False
84.61538461538461,99.0,92.5,84.61538461538461,fall2025,Preparation,False
100.0,100.0,98.375,98.375,fall2025,Examination,False
80.61538461538461,91.45,93.4125,80.61538461538461,fall2025,Preparation,False
100.0,81.9,92.33333333333334,81.9,fall2025,Application,False
100.0,97.0,98.75,97.0,fall2025,Application,False
96.15384615384616,100.0,100.0,96.15384615384616,fall2025,Preparation,False
86.53846153846153,100.0,71.33333333333334,71.33333333333334,fall2025,Examination,False
92.3076923076923,100.0,95.79166666666666,92.3076923076923,fall2025,Preparation,False
75.8974358974359,87.81700000000001,87.79583333333333,75.8974358974359,fall2025,Preparation,False
100.0,100.0,98.5375,98.5375,fall2025,Examination,False
92.3076923076923,100.0,97.16666666666667,92.3076923076923,fall2025,Preparation,False
76.92307692307692,98.0,75.45833333333334,75.45833333333334,fall2025,Examination,False
92.3076923076923,96.4,90.60416666666667,90.60416666666667,fall2025,Examination,False
96.15384615384616,100.0,97.7125,96.15384615384616,fall2025,Preparation,False
92.3076923076923,98.0,98.08333333333334,92.3076923076923,fall2025,Preparation,False
94.94871794871796,99.583,69.55833333333334,69.55833333333334,fall2025,Examination,False
95.8974358974359,98.0,94.7875,94.7875,fall2025,Examination,False
38.46153846153846,49.967000000000006,46.72083333333333,38.46153846153846,fall2025,Preparation,True
88.46153846153847,91.4,96.0375,88.46153846153847,fall2025,Preparation,False
100.0,99.0,96.13958333333333,96.13958333333333,fall2025,Examination,False
96.15384615384616,100.0,91.43333333333332,91.43333333333332,fall2025,Examination,False
100.0,82.0,74.375,74.375,fall2025,Examination,False
98.07692307692308,94.0,73.13333333333334,73.13333333333334,fall2025,Examination,False
95.1923076923077,97.5,91.95833333333333,91.95833333333333,fall2025,Examination,False
96.15384615384616,100.0,98.75,96.15384615384616,fall2025,Preparation,False
100.0,100.0,79.83333333333334,79.83333333333334,fall2025,Examination,False
96.15384615384616,99.0,81.82499999999999,81.82499999999999,fall2025,Examination,False
78.43269230769229,79.80000000000001,78.87083333333334,78.43269230769229,fall2025,Preparation,False
86.91666666666667,98.5,75.59583333333333,75.59583333333333,fall2025,Examination,False
88.46153846153847,95.0,96.3,88.46153846153847,fall2025,Preparation,False
96.15384615384616,100.0,97.5,96.15384615384616,fall2025,Preparation,False
85.57692307692308,95.0,79.60416666666666,79.60416666666666,fall2025,Examination,False
96.15384615384616,100.0,74.4375,74.4375,fall2025,Examination,False
72.3076923076923,100.0,91.625,72.3076923076923,fall2025,Preparation,False
84.61538461538461,98.333,90.20416666666665,84.61538461538461,fall2025,Preparation,False
92.3076923076923,100.0,98.33333333333333,92.3076923076923,fall2025,Preparation,False
100.0,92.0,83.75833333333334,83.75833333333334,fall2025,Examination,False
100.0,100.0,96.27083333333333,96.27083333333333,fall2025,Examination,False
96.15384615384616,97.9,92.63125000000001,92.63125000000001,fall2025,Examination,False
100.0,99.0,98.625,98.625,fall2025,Examination,False
76.92307692307692,94.4,89.95416666666667,76.92307692307692,fall2025,Preparation,False
92.3076923076923,95.0,98.5,92.3076923076923,fall2025,Preparation,False
96.15384615384616,98.0,97.275,96.15384615384616,fall2025,Preparation,False
100.0,98.0,93.75,93.75,fall2025,Examination,False
96.15384615384616,97.35000000000001,58.625,58.625,fall2025,Examination,False
94.97435897435896,100.0,98.01458333333332,94.97435897435896,fall2025,Preparation,False
100.0,99.0,87.47916666666667,87.47916666666667,fall2025,Examination,False
100.0,100.0,91.72291666666666,91.72291666666666,fall2025,Examination,False
69.23076923076923,78.5,68.1625,68.1625,fall2025,Examination,False
93.21153846153847,92.0,97.5,92.0,fall2025,Application,False
98.07692307692308,100.0,91.58958333333334,91.58958333333334,fall2025,Examination,False
98.71153846153847,95.46700000000001,93.5375,93.5375,fall2025,Examination,False
92.3076923076923,92.0,94.33333333333334,92.0,fall2025,Application,False
100.0,100.0,85.83333333333334,85.83333333333334,fall2025,Examination,False
95.1923076923077,99.0,100.0,95.1923076923077,fall2025,Preparation,False
68.66346153846153,95.483,53.93958333333333,53.93958333333333,fall2025,Examination,True
92.3076923076923,100.0,92.59791666666666,92.3076923076923,fall2025,Preparation,False
92.62820512820511,88.4,91.9625,88.4,fall2025,Application,False
100.0,99.0,90.27916666666667,90.27916666666667,fall2025,Examination,False
100.0,100.0,95.0,95.0,fall2025,Examination,False
96.15384615384616,97.0,99.375,96.15384615384616,fall2025,Preparation,False
90.38461538461539,86.0,77.92083333333335,77.92083333333335,fall2025,Examination,False
100.0,98.0,96.2,96.2,fall2025,Examination,False
100.0,99.95,92.64166666666667,92.64166666666667,fall2025,Examination,False
92.3076923076923,98.0,91.25416666666666,91.25416666666666,fall2025,Examination,False
100.0,100.0,98.75,98.75,fall2025,Examination,False
96.15384615384616,97.4,96.25,96.15384615384616,fall2025,Preparation,False
100.0,100.0,94.7875,94.7875,fall2025,Examination,False
99.87179487179489,98.0,100.0,98.0,fall2025,Application,False
96.15384615384616,98.0,100.0,96.15384615384616,fall2025,Preparation,False
100.0,100.0,96.25,96.25,fall2025,Examination,False
96.15384615384616,100.0,96.45833333333333,96.15384615384616,fall2025,Preparation,False
100.0,98.0,98.075,98.0,fall2025,Application,False
86.85897435897435,90.0,84.24375,84.24375,fall2025,Examination,False
95.23076923076923,100.0,91.95,91.95,fall2025,Examination,False
99.67307692307692,99.93299999999999,93.5375,93.5375,fall2025,Examination,False
96.15384615384616,100.0,98.3375,96.15384615384616,fall2025,Preparation,False
73.1923076923077,70.0,96.91666666666667,70.0,fall2025,Application,False
92.3076923076923,100.0,88.50416666666666,88.50416666666666,fall2025,Examination,False
91.02564102564104,99.333,94.03958333333333,91.02564102564104,fall2025,Preparation,False
93.07692307692308,100.0,98.625,93.07692307692308,fall2025,Preparation,False
96.15384615384616,95.0,95.91666666666667,95.0,fall2025,Application,False
83.33333333333334,98.0,59.05833333333334,59.05833333333334,fall2025,Examination,False
70.1698717948718,87.4,86.06666666666666,70.1698717948718,fall2025,Preparation,False
100.0,100.0,100.0,100.0,fall2025,Preparation,False
92.3076923076923,99.9,61.59583333333334,61.59583333333334,fall2025,Examination,False
92.3076923076923,100.0,87.2875,87.2875,fall2025,Examination,False
88.97435897435898,100.0,73.65,73.65,fall2025,Examination,False
96.15384615384616,100.0,98.65,96.15384615384616,fall2025,Preparation,False
92.3076923076923,99.0,95.91666666666667,92.3076923076923,fall2025,Preparation,False
84.61538461538461,100.0,98.19791666666666,84.61538461538461,fall2025,Preparation,False
92.3076923076923,96.4,96.0375,92.3076923076923,fall2025,Preparation,False
56.78846153846153,62.0,65.61666666666666,56.78846153846153,fall2025,Preparation,True
100.0,100.0,97.5,97.5,fall2025,Examination,False
100.0,98.0,98.65,98.0,fall2025,Application,False
90.38461538461539,99.30000000000001,95.8125,90.38461538461539,fall2025,Preparation,False
100.0,100.0,91.3,91.3,fall2025,Examination,False
93.90384615384616,98.0,97.45833333333333,93.90384615384616,fall2025,Preparation,False
95.51923076923077,98.55,81.90833333333333,81.90833333333333,fall2025,Examination,False
83.33333333333334,97.4,85.41666666666666,83.33333333333334,fall2025,Preparation,False
88.46153846153847,98.617,81.81458333333333,81.81458333333333,fall2025,Examination,False
72.11538461538461,96.15,73.42083333333333,72.11538461538461,fall2025,Preparation,False
96.15384615384616,100.0,87.29166666666667,87.29166666666667,fall2025,Examination,False
71.7948717948718,75.55,79.99583333333334,71.7948717948718,fall2025,Preparation,False
69.08333333333333,100.0,72.49583333333332,69.08333333333333,fall2025,Preparation,False
96.15384615384616,100.0,94.58333333333333,94.58333333333333,fall2025,Examination,False
95.84615384615384,98.733,83.54583333333332,83.54583333333332,fall2025,Examination,False
100.0,100.0,99.6875,99.6875,fall2025,Examination,False
92.3076923076923,88.0,77.0875,77.0875,fall2025,Examination,False
100.0,97.0,88.88958333333332,88.88958333333332,fall2025,Examination,False
100.0,94.0,98.5375,94.0,fall2025,Application,False
92.3076923076923,100.0,90.79583333333335,90.79583333333335,fall2025,Examination,False
99.3974358974359,94.0,83.79166666666666,83.79166666666666,fall2025,Examination,False
92.3076923076923,98.85,88.12916666666666,88.12916666666666,fall2025,Examination,False
96.72435897435896,99.617,90.65416666666667,90.65416666666667,fall2025,Examination,False
81.57692307692308,80.4,74.87083333333334,74.87083333333334,fall2025,Examination,False
95.5128205128205,98.0,88.47916666666666,88.47916666666666,fall2025,Examination,False
97.43589743589743,100.0,92.11041666666668,92.11041666666668,fall2025,Examination,False
92.3076923076923,100.0,98.75,92.3076923076923,fall2025,Preparation,False
95.5128205128205,99.0,94.58333333333333,94.58333333333333,fall2025,Examination,False
67.78846153846153,95.5,75.75,67.78846153846153,fall2025,Preparation,False
100.0,100.0,95.625,95.625,fall2025,Examination,False
76.52884615384616,99.483,79.75416666666666,76.52884615384616,fall2025,Preparation,False
82.6923076923077,89.68299999999999,78.03541666666666,78.03541666666666,fall2025,Examination,False
100.0,92.0,90.0875,90.0875,fall2025,Examination,False
100.0,100.0,100.0,100.0,fall2025,Preparation,False
92.3076923076923,92.0,87.29166666666667,87.29166666666667,fall2025,Examination,False
100.0,100.0,98.20416666666668,98.20416666666668,fall2025,Examination,False
84.52884615384616,93.9,86.09583333333333,84.52884615384616,fall2025,Preparation,False
100.0,96.0,97.0875,96.0,fall2025,Application,False
95.38461538461539,100.0,82.08333333333333,82.08333333333333,fall2025,Examination,False
99.03846153846153,99.0,99.875,99.0,fall2025,Application,False
95.8974358974359,100.0,83.87083333333334,83.87083333333334,fall2025,Examination,False
89.23076923076923,99.9,88.22916666666667,88.22916666666667,fall2025,Examination,False
92.3076923076923,100.0,94.58333333333333,92.3076923076923,fall2025,Preparation,False
100.0,100.0,95.0,95.0,fall2025,Examination,False
88.46153846153847,100.0,85.54166666666667,85.54166666666667,fall2025,Examination,False
95.82692307692308,89.0,85.28333333333333,85.28333333333333,fall2025,Examination,False
100.0,100.0,94.26458333333332,94.26458333333332,fall2025,Examination,False
83.33333333333334,98.0,84.50416666666666,83.33333333333334,fall2025,Preparation,False
84.61538461538461,89.0,34.03125,34.03125,fall2025,Examination,True
83.97435897435898,98.5,94.5875,83.97435897435898,fall2025,Preparation,False
100.0,98.0,94.625,94.625,fall2025,Examination,False
100.0,100.0,100.0,100.0,fall2025,Preparation,False
100.0,98.65,95.7875,95.7875,fall2025,Examination,False
92.3076923076923,100.0,98.07916666666667,92.3076923076923,fall2025,Preparation,False
96.15384615384616,100.0,88.91666666666666,88.91666666666666,fall2025,Examination,False
84.61538461538461,90.0,45.94583333333334,45.94583333333334,fall2025,Examination,True
92.3076923076923,93.733,76.61041666666667,76.61041666666667,fall2025,Examination,False
100.0,90.0,88.58333333333333,88.58333333333333,fall2025,Examination,False
75.96153846153847,69.13300000000001,93.79166666666667,69.13300000000001,fall2025,Application,False
88.05448717948717,100.0,91.15416666666667,88.05448717948717,fall2025,Preparation,False
98.07692307692308,93.0,91.33333333333333,91.33333333333333,fall2025,Examination,False
100.0,98.0,94.95,94.95,fall2025,Examination,False
84.61538461538461,100.0,75.15833333333333,75.15833333333333,fall2025,Examination,False
87.37179487179489,98.0,88.75625000000001,87.37179487179489,fall2025,Preparation,False
91.49358974358975,98.717,95.725,91.49358974358975,fall2025,Preparation,False
95.08333333333333,90.0,84.89375,84.89375,fall2025,Examination,False
95.84615384615384,98.0,79.62916666666666,79.62916666666666,fall2025,Examination,False
99.35897435897436,96.0,98.33333333333333,96.0,fall2025,Application,False
98.07692307692308,100.0,96.25,96.25,fall2025,Examination,False
100.0,96.0,94.15833333333333,94.15833333333333,fall2025,Examination,False
100.0,100.0,89.78541666666668,89.78541666666668,fall2025,Examination,False
100.0,100.0,98.33333333333333,98.33333333333333,fall2025,Examination,False
64.48717948717947,99.417,51.641666666666666,51.641666666666666,fall2025,Examination,True
100.0,99.0,96.62083333333334,96.62083333333334,fall2025,Examination,False
96.15384615384616,100.0,96.76666666666667,96.15384615384616,fall2025,Preparation,False
99.35897435897435,99.0,91.53750000000001,91.53750000000001,fall2025,Examination,False
100.0,100.0,98.20416666666668,98.20416666666668,fall2025,Examination,False
93.41666666666667,99.45,76.12083333333334,76.12083333333334,fall2025,Examination,False
74.09935897435898,87.4,66.58333333333334,66.58333333333334,fall2025,Examination,False
100.0,100.0,100.0,100.0,fall2025,Preparation,False
100.0,100.0,93.75,93.75,fall2025,Examination,False
89.10256410256412,100.0,90.20416666666665,89.10256410256412,fall2025,Preparation,False
99.35897435897435,89.0,94.375,89.0,fall2025,Application,False
96.15384615384616,97.4,84.87916666666666,84.87916666666666,fall2025,Examination,False
92.3076923076923,98.5,69.91666666666667,69.91666666666667,fall2025,Examination,False
100.0,100.0,94.6875,94.6875,fall2025,Examination,False
97.08333333333333,98.23299999999999,90.10416666666666,90.10416666666666,fall2025,Examination,False
96.15384615384616,100.0,100.0,96.15384615384616,fall2025,Preparation,False
100.0,100.0,93.25416666666666,93.25416666666666,fall2025,Examination,False
67.20512820512822,89.0,42.0,42.0,fall2025,Examination,True
88.46153846153847,100.0,82.60833333333332,82.60833333333332,fall2025,Examination,False
92.3076923076923,99.0,98.33333333333333,92.3076923076923,fall2025,Preparation,False
100.0,100.0,91.83333333333334,91.83333333333334,fall2025,Examination,False
92.3076923076923,99.667,96.1125,92.3076923076923,fall2025,Preparation,False
100.0,100.0,94.99583333333334,94.99583333333334,fall2025,Examination,False
96.15384615384616,93.5,98.00416666666666,93.5,fall2025,Application,False
100.0,99.0,89.5375,89.5375,fall2025,Examination,False
84.48076923076923,99.69999999999999,91.4125,84.48076923076923,fall2025,Preparation,False
92.3076923076923,99.233,91.73750000000001,91.73750000000001,fall2025,Examination,False
92.3076923076923,100.0,92.65,92.3076923076923,fall2025,Preparation,False
100.0,100.0,97.45,97.45,fall2025,Examination,False
100.0,100.0,98.75,98.75,fall2025,Examination,False
99.35897435897435,100.0,80.9625,80.9625,fall2025,Examination,False
100.0,100.0,97.5,97.5,fall2025,Examination,False
92.3076923076923,79.833,67.24583333333334,67.24583333333334,fall2025,Examination,False
100.0,99.0,96.0375,96.0375,fall2025,Examination,False
96.08974358974359,82.0,97.425,82.0,fall2025,Application,False
100.0,100.0,85.75416666666666,85.75416666666666,fall2025,Examination,False
100.0,100.0,97.5,97.5,fall2025,Examination,False
100.0,100.0,97.2875,97.2875,fall2025,Examination,False
88.46153846153847,91.13300000000001,73.12916666666666,73.12916666666666,fall2025,Examination,False
92.3076923076923,100.0,98.75,92.3076923076923,fall2025,Preparation,False
96.15384615384616,97.63300000000001,65.88125000000001,65.88125000000001,fall2025,Examination,False
92.3076923076923,92.0,95.4125,92.0,fall2025,Application,False
100.0,100.0,73.84583333333333,73.84583333333333,fall2025,Examination,False
100.0,100.0,96.25,96.25,fall2025,Examination,False
96.15384615384616,98.0,80.77083333333333,80.77083333333333,fall2025,Examination,False
76.92307692307692,98.0,91.2875,76.92307692307692,fall2025,Preparation,False
100.0,99.0,96.25,96.25,fall2025,Examination,False
100.0,100.0,96.27083333333333,96.27083333333333,fall2025,Examination,False
88.46153846153847,99.0,92.91666666666666,88.46153846153847,fall2025,Preparation,False
68.91025641025641,79.8,77.75625,68.91025641025641,fall2025,Preparation,False
88.46153846153847,93.5,82.83333333333333,82.83333333333333,fall2025,Examination,False
93.26923076923077,100.0,97.1875,93.26923076923077,fall2025,Preparation,False
96.15384615384616,100.0,97.4,96.15384615384616,fall2025,Preparation,False
86.53846153846153,96.5,84.77916666666667,84.77916666666667,fall2025,Examination,False
88.27564102564104,99.69999999999999,73.67083333333333,73.67083333333333,fall2025,Examination,False
100.0,100.0,99.33333333333333,99.33333333333333,fall2025,Examination,False
92.13461538461539,81.817,77.74583333333334,77.74583333333334,fall2025,Examination,False
87.1794871794872,94.95,87.12083333333334,87.12083333333334,fall2025,Examination,False
63.05128205128204,91.81700000000001,48.30416666666666,48.30416666666666,fall2025,Examination,True
96.15384615384616,99.0,86.2875,86.2875,fall2025,Examination,False
96.15384615384616,100.0,92.59791666666666,92.59791666666666,fall2025,Examination,False
96.79487179487181,98.0,99.375,96.79487179487181,fall2025,Preparation,False
98.54487179487181,99.267,83.85833333333333,83.85833333333333,fall2025,Examination,False
92.3076923076923,100.0,93.375,92.3076923076923,fall2025,Preparation,False
92.3076923076923,100.0,95.93333333333332,92.3076923076923,fall2025,Preparation,False
100.0,100.0,85.00625000000001,85.00625000000001,fall2025,Examination,False
99.91346153846153,99.0,95.2125,95.2125,fall2025,Examination,False
93.58974358974358,90.267,81.58333333333331,81.58333333333331,fall2025,Examination,False
90.38461538461539,97.333,91.41666666666666,90.38461538461539,fall2025,Preparation,False
91.02564102564104,95.4,92.91666666666666,91.02564102564104,fall2025,Preparation,False
100.0,100.0,98.75,98.75,fall2025,Examination,False
94.23076923076923,91.0,80.80208333333333,80.80208333333333,fall2025,Examination,False
92.3076923076923,82.0,97.0875,82.0,fall2025,Application,False
92.3076923076923,100.0,93.96458333333334,92.3076923076923,fall2025,Preparation,False
72.11538461538461,72.0,84.10833333333332,72.0,fall2025,Application,False
92.3076923076923,99.0,89.36041666666665,89.36041666666665,fall2025,Examination,False
88.46153846153847,97.0,88.9625,88.46153846153847,fall2025,Preparation,False
90.38461538461539,98.0,88.68124999999999,88.68124999999999,fall2025,Examination,False
92.3076923076923,97.0,93.57291666666666,92.3076923076923,fall2025,Preparation,False
94.87179487179486,96.4,85.73333333333335,85.73333333333335,fall2025,Examination,False
75.14102564102565,82.65,60.91666666666667,60.91666666666667,fall2025,Examination,False
87.1794871794872,96.93299999999999,75.75416666666666,75.75416666666666,fall2025,Examination,False
100.0,100.0,98.12708333333333,98.12708333333333,fall2025,Examination,False
96.15384615384616,100.0,94.75,94.75,fall2025,Examination,False
96.15384615384616,100.0,93.4375,93.4375,fall2025,Examination,False
92.3076923076923,100.0,88.96458333333334,88.96458333333334,fall2025,Examination,False
100.0,97.4,92.56875000000001,92.56875000000001,fall2025,Examination,False
86.41025641025642,91.31700000000001,69.35416666666666,69.35416666666666,fall2025,Examination,False
84.18589743589745,94.017,91.8125,84.18589743589745,fall2025,Preparation,False
99.36538461538461,99.0,99.375,99.0,fall2025,Application,False
100.0,100.0,99.7875,99.7875,fall2025,Examination,False
100.0,99.0,34.5125,34.5125,fall2025,Examination,True
90.38461538461539,97.9,95.625,90.38461538461539,fall2025,Preparation,False
100.0,100.0,93.75,93.75,fall2025,Examination,False
80.76923076923077,87.4,81.87083333333334,80.76923076923077,fall2025,Preparation,False
96.15384615384616,96.5,90.625,90.625,fall2025,Examination,False
96.15384615384616,100.0,91.17916666666667,91.17916666666667,fall2025,Examination,False
100.0,100.0,99.8625,99.8625,fall2025,Examination,False
95.42628205128204,99.0,82.87083333333334,82.87083333333334,fall2025,Examination,False
80.13461538461539,86.0,88.44583333333333,80.13461538461539,fall2025,Preparation,False
90.0,93.767,52.72500000000001,52.72500000000001,fall2025,Examination,True
100.0,100.0,95.4125,95.4125,fall2025,Examination,False
96.15384615384616,100.0,80.95833333333334,80.95833333333334,fall2025,Examination,False
99.82692307692308,100.0,92.5,92.5,fall2025,Examination,False
