Midterm,Final,Project 1,Project 2,Programming Assignment 1,Programming Assignment 2,Programming Assignment 3,Programming Assignment 4,Programming Assignment 5,Programming Assignment 6,Reading Quiz 02,Reading Quiz 03,Reading Quiz 04,Reading Quiz 05,Reading Quiz 06,Reading Quiz 07,Reading Quiz 08,Reading Quiz 09,Reading Quiz 10,Reading Quiz 11,Reading Quiz 12,Reading Quiz 13,Reading Quiz 14,Reading Quiz 15,Reading Quiz 16,Reading Quiz 17,Reading Quiz 18,Reading Quiz 19,Reading Quiz 20,Reading Quiz 21,Reading Quiz 22,Reading Quiz 23,Reading Quiz 24,Reading Quiz 25,Reading Quiz 26,Reading Quiz 27,Preparation,Application,Examination,Total,quarter,year,course,exam_type,min_category,atrisk
0.8666666666666667,0.975,1.0,1.0,1.0,1.0,1.0,1.0,1.0,1.0,1.0,1.0,1.0,1.0,1.0,0.0,1.0,1.0,1.0,1.0,1.0,1.0,1.0,1.0,1.0,1.0,1.0,1.0,1.0,1.0,1.0,1.0,1.0,1.0,1.0,1.0,96.15384615384616,100.0,94.79166666666667,94.79166666666667,fall,2025,fall2025,inperson,Examination,False
0.9333333333333333,0.8875,1.0,1.0,1.0,1.0,1.0,1.0,1.0,1.0,1.0,1.0,1.0,1.0,1.0,1.0,1.0,1.0,1.0,1.0,1.0,1.0,1.0,1.0,1.0,1.0,1.0,1.0,1.0,1.0,1.0,1.0,1.0,1.0,1.0,1.0,100.0,100.0,91.04166666666666,91.04166666666666,fall,2025,fall2025,inperson,Examination,False
0.9133333333333333,0.8182499999999999,1.0,1.0,1.0,1.0,1.0,1.0,1.0,1.0,1.0,1.0,1.0,1.0,1.0,1.0,1.0,0.0,1.0,1.0,1.0,1.0,1.0,0.6666666666666666,1.0,1.0,1.0,0.0,1.0,1.0,1.0,1.0,1.0,1.0,1.0,1.0,91.02564102564102,100.0,86.57916666666665,86.57916666666665,fall,2025,fall2025,inperson,Examination,False
0.7333333333333333,0.79375,0.9,1.0,1.0,1.0,0.0,1.0,1.0,1.0,0.0,1.0,1.0,1.0,0.2,1.0,1.0,1.0,0.0,1.0,1.0,1.0,1.0,1.0,1.0,0.0,0.0,1.0,0.0,1.0,1.0,1.0,1.0,1.0,1.0,1.0,77.6923076923077,88.0,77.86458333333333,77.6923076923077,fall,2025,fall2025,inperson,Preparation,False
0.8,0.80425,1.0,1.0,1.0,1.0,1.0,1.0,1.0,1.0,1.0,1.0,1.0,0.0,1.0,1.0,1.0,0.0,1.0,1.0,0.9325,1.0,1.0,1.0,0.5,1.0,1.0,1.0,1.0,0.0,1.0,1.0,1.0,1.0,1.0,1.0,86.27884615384613,100.0,80.31875,80.31875,fall,2025,fall2025,inperson,Examination,False
0.5933333333333334,0.38375,1.0,1.0,1.0,1.0,1.0,0.0,1.0,1.0,0.0,0.0,1.0,1.0,1.0,0.0,1.0,0.6,1.0,1.0,1.0,1.0,1.0,0.0,1.0,1.0,0.5,1.0,1.0,1.0,1.0,1.0,0.0,1.0,1.0,0.0,73.46153846153847,90.0,48.85416666666667,48.85416666666667,fall,2025,fall2025,inperson,Examination,True
1.0,0.944,1.0,1.0,1.0,1.0,1.0,1.0,1.0,1.0,1.0,1.0,1.0,1.0,1.0,1.0,1.0,1.0,1.0,1.0,0.0,1.0,1.0,1.0,1.0,1.0,1.0,1.0,1.0,1.0,1.0,1.0,1.0,1.0,1.0,1.0,96.15384615384616,100.0,97.19999999999999,96.15384615384616,fall,2025,fall2025,inperson,Preparation,False
0.9333333333333333,0.73075,1.0,1.0,1.0,1.0,1.0,1.0,1.0,1.0,1.0,1.0,1.0,1.0,1.0,1.0,1.0,1.0,1.0,1.0,1.0,1.0,1.0,1.0,1.0,1.0,1.0,1.0,1.0,1.0,1.0,1.0,1.0,1.0,1.0,1.0,100.0,100.0,83.20416666666667,83.20416666666667,fall,2025,fall2025,inperson,Examination,False
0.92,0.8425,0.95,1.0,1.0,1.0,1.0,1.0,1.0,1.0,1.0,1.0,1.0,1.0,1.0,1.0,1.0,0.0,1.0,1.0,0.0,1.0,1.0,1.0,1.0,1.0,1.0,1.0,0.0,1.0,1.0,0.0,1.0,1.0,1.0,1.0,84.61538461538461,99.0,88.125,84.61538461538461,fall,2025,fall2025,inperson,Preparation,False
0.9266666666666666,0.7545,1.0,1.0,1.0,1.0,0.995,0.0,1.0,1.0,1.0,1.0,1.0,0.0,1.0,1.0,1.0,1.0,1.0,1.0,1.0,1.0,1.0,1.0,1.0,1.0,1.0,1.0,1.0,1.0,1.0,1.0,1.0,1.0,1.0,1.0,96.15384615384616,89.95,84.05833333333332,84.05833333333332,fall,2025,fall2025,inperson,Examination,False
0.9333333333333333,0.9,1.0,1.0,1.0,1.0,1.0,1.0,1.0,1.0,1.0,1.0,1.0,1.0,1.0,1.0,1.0,1.0,1.0,1.0,1.0,1.0,1.0,1.0,1.0,1.0,1.0,1.0,1.0,1.0,1.0,1.0,1.0,1.0,1.0,1.0,100.0,100.0,91.66666666666666,91.66666666666666,fall,2025,fall2025,inperson,Examination,False
1.0,0.78325,0.9,0.4,1.0,1.0,0.75,1.0,1.0,0.75,1.0,1.0,1.0,1.0,1.0,1.0,1.0,1.0,1.0,1.0,1.0,1.0,1.0,1.0,0.835,1.0,1.0,1.0,1.0,1.0,1.0,1.0,1.0,1.0,1.0,1.0,99.36538461538461,81.0,89.1625,81.0,fall,2025,fall2025,inperson,Application,False
0.7466666666666666,0.82575,0.95,1.0,1.0,1.0,1.0,1.0,1.0,1.0,1.0,1.0,0.0,1.0,0.0,1.0,1.0,0.3333333333333333,1.0,1.0,1.0,1.0,1.0,0.9833333333333334,1.0,1.0,0.0,1.0,1.0,1.0,1.0,1.0,1.0,1.0,1.0,0.0,81.98717948717947,99.0,80.59791666666666,80.59791666666666,fall,2025,fall2025,inperson,Examination,False
0.9266666666666666,0.8825,1.0,1.0,1.0,1.0,1.0,1.0,1.0,1.0,1.0,1.0,1.0,1.0,1.0,1.0,1.0,1.0,1.0,1.0,1.0,1.0,1.0,1.0,1.0,1.0,1.0,1.0,1.0,1.0,1.0,1.0,1.0,1.0,1.0,1.0,100.0,100.0,90.45833333333333,90.45833333333333,fall,2025,fall2025,inperson,Examination,False
1.0,0.96425,1.0,1.0,1.0,1.0,1.0,0.9933,1.0,1.0,1.0,1.0,1.0,1.0,1.0,1.0,1.0,0.0,1.0,1.0,1.0,1.0,1.0,1.0,0.75,1.0,0.5,1.0,1.0,1.0,1.0,1.0,1.0,1.0,1.0,1.0,93.26923076923077,99.93299999999999,98.2125,93.26923076923077,fall,2025,fall2025,inperson,Preparation,False
1.0,0.95,0.9,1.0,1.0,1.0,1.0,1.0,1.0,1.0,1.0,1.0,1.0,1.0,1.0,1.0,1.0,1.0,1.0,1.0,1.0,1.0,1.0,1.0,1.0,1.0,1.0,1.0,1.0,1.0,1.0,1.0,1.0,1.0,1.0,1.0,100.0,98.0,97.5,97.5,fall,2025,fall2025,inperson,Examination,False
0.9333333333333333,0.9417500000000001,1.0,1.0,1.0,1.0,1.0,1.0,1.0,1.0,1.0,1.0,1.0,1.0,1.0,1.0,1.0,1.0,1.0,1.0,1.0,1.0,1.0,1.0,1.0,1.0,1.0,1.0,1.0,1.0,1.0,1.0,1.0,1.0,1.0,1.0,100.0,100.0,93.96458333333334,93.96458333333334,fall,2025,fall2025,inperson,Examination,False
0.7666666666666667,0.94575,1.0,1.0,1.0,1.0,1.0,1.0,1.0,1.0,1.0,1.0,1.0,1.0,1.0,1.0,1.0,1.0,1.0,1.0,1.0,1.0,1.0,1.0,1.0,0.0,1.0,1.0,1.0,1.0,1.0,1.0,1.0,1.0,1.0,1.0,96.15384615384616,100.0,90.09791666666666,90.09791666666666,fall,2025,fall2025,inperson,Examination,False
1.0,0.95,1.0,1.0,1.0,1.0,1.0,1.0,1.0,1.0,1.0,1.0,1.0,1.0,0.8,1.0,1.0,1.0,1.0,1.0,1.0,1.0,1.0,1.0,1.0,1.0,1.0,1.0,0.0,1.0,1.0,1.0,1.0,1.0,1.0,1.0,95.38461538461539,100.0,97.5,95.38461538461539,fall,2025,fall2025,inperson,Preparation,False
0.9333333333333333,0.975,1.0,1.0,1.0,1.0,1.0,1.0,1.0,1.0,1.0,1.0,1.0,1.0,1.0,1.0,1.0,1.0,1.0,1.0,1.0,1.0,1.0,1.0,1.0,1.0,1.0,1.0,1.0,1.0,1.0,1.0,1.0,1.0,1.0,1.0,100.0,100.0,96.45833333333333,96.45833333333333,fall,2025,fall2025,inperson,Examination,False
0.9333333333333333,0.975,0.95,1.0,1.0,1.0,1.0,1.0,1.0,1.0,1.0,1.0,1.0,1.0,1.0,1.0,1.0,1.0,1.0,1.0,1.0,1.0,1.0,1.0,1.0,1.0,1.0,1.0,1.0,1.0,1.0,1.0,1.0,1.0,1.0,1.0,100.0,99.0,96.45833333333333,96.45833333333333,fall,2025,fall2025,inperson,Examination,False
0.6533333333333334,0.8432499999999999,1.0,1.0,1.0,1.0,1.0,1.0,1.0,1.0,1.0,1.0,1.0,1.0,1.0,1.0,1.0,1.0,1.0,1.0,1.0,1.0,1.0,1.0,1.0,1.0,1.0,1.0,1.0,1.0,1.0,1.0,1.0,1.0,1.0,1.0,100.0,100.0,79.57708333333333,79.57708333333333,fall,2025,fall2025,inperson,Examination,False
0.92,0.9022500000000001,0.9,0.6,1.0,1.0,1.0,1.0,1.0,1.0,1.0,1.0,1.0,1.0,1.0,1.0,1.0,1.0,1.0,1.0,0.0,1.0,1.0,0.0,1.0,1.0,1.0,1.0,1.0,1.0,1.0,0.0,1.0,1.0,1.0,1.0,88.46153846153847,90.0,91.11250000000001,88.46153846153847,fall,2025,fall2025,inperson,Preparation,False
1.0,0.89725,0.95,1.0,1.0,1.0,0.0,1.0,1.0,0.9,1.0,1.0,0.0,1.0,1.0,1.0,1.0,0.0,1.0,1.0,1.0,1.0,1.0,0.0,1.0,1.0,0.0,0.0,1.0,0.0,0.0,1.0,1.0,0.0,1.0,1.0,69.23076923076923,88.0,94.8625,69.23076923076923,fall,2025,fall2025,inperson,Preparation,True
0.8,0.6665,1.0,1.0,1.0,1.0,1.0,1.0,1.0,1.0,1.0,1.0,1.0,1.0,0.0,1.0,1.0,1.0,1.0,1.0,1.0,1.0,1.0,1.0,1.0,1.0,1.0,1.0,1.0,1.0,1.0,1.0,1.0,1.0,1.0,1.0,96.15384615384616,100.0,73.32499999999999,73.32499999999999,fall,2025,fall2025,inperson,Examination,False
0.7200000000000001,0.7849999999999999,1.0,1.0,1.0,1.0,1.0,1.0,1.0,1.0,1.0,1.0,1.0,1.0,1.0,1.0,1.0,1.0,1.0,1.0,1.0,1.0,1.0,1.0,1.0,0.0,0.5,1.0,0.0,1.0,1.0,1.0,1.0,1.0,1.0,1.0,90.38461538461539,100.0,76.875,76.875,fall,2025,fall2025,inperson,Examination,False
1.0,0.9957499999999999,1.0,1.0,1.0,1.0,1.0,1.0,1.0,1.0,1.0,1.0,1.0,1.0,1.0,1.0,1.0,1.0,1.0,1.0,1.0,1.0,1.0,1.0,1.0,1.0,1.0,1.0,1.0,1.0,1.0,1.0,1.0,1.0,1.0,1.0,100.0,100.0,99.7875,99.7875,fall,2025,fall2025,inperson,Examination,False
0.9333333333333333,1.0,1.0,1.0,1.0,1.0,1.0,1.0,1.0,1.0,1.0,1.0,1.0,1.0,1.0,1.0,1.0,1.0,1.0,1.0,1.0,1.0,1.0,1.0,0.0,1.0,1.0,1.0,1.0,1.0,1.0,1.0,1.0,1.0,1.0,1.0,96.15384615384616,100.0,98.33333333333333,96.15384615384616,fall,2025,fall2025,inperson,Preparation,False
1.0,0.9475,1.0,1.0,1.0,1.0,1.0,1.0,1.0,1.0,1.0,1.0,1.0,1.0,1.0,1.0,1.0,1.0,1.0,1.0,1.0,1.0,1.0,1.0,1.0,1.0,1.0,1.0,1.0,1.0,1.0,1.0,1.0,1.0,1.0,1.0,100.0,100.0,97.375,97.375,fall,2025,fall2025,inperson,Examination,False
1.0,0.974,1.0,1.0,1.0,1.0,1.0,1.0,1.0,1.0,1.0,1.0,1.0,1.0,1.0,1.0,1.0,1.0,1.0,1.0,1.0,1.0,1.0,1.0,1.0,1.0,1.0,1.0,1.0,1.0,1.0,1.0,1.0,1.0,1.0,1.0,100.0,100.0,98.69999999999999,98.69999999999999,fall,2025,fall2025,inperson,Examination,False
1.0,0.9199999999999999,1.0,1.0,1.0,1.0,1.0,1.0,1.0,1.0,1.0,1.0,1.0,1.0,1.0,1.0,1.0,1.0,1.0,1.0,1.0,1.0,1.0,1.0,1.0,1.0,1.0,1.0,1.0,1.0,1.0,1.0,1.0,1.0,1.0,1.0,100.0,100.0,96.0,96.0,fall,2025,fall2025,inperson,Examination,False
0.5,0.445,0.82,1.0,1.0,1.0,0.985,0.925,1.0,0.7,1.0,1.0,1.0,1.0,1.0,1.0,1.0,1.0,1.0,0.875,0.8625,1.0,0.9166666666666666,1.0,0.835,1.0,1.0,0.75,0.0,1.0,1.0,1.0,0.0,0.0,1.0,0.0,81.68910256410255,92.5,47.25,47.25,fall,2025,fall2025,inperson,Examination,True
1.0,0.85825,1.0,1.0,1.0,1.0,1.0,1.0,1.0,1.0,1.0,1.0,1.0,1.0,1.0,1.0,1.0,1.0,1.0,1.0,1.0,0.0,1.0,1.0,1.0,1.0,1.0,1.0,1.0,1.0,1.0,1.0,1.0,1.0,1.0,1.0,96.15384615384616,100.0,92.9125,92.9125,fall,2025,fall2025,inperson,Examination,False
1.0,0.9480000000000001,1.0,1.0,1.0,1.0,1.0,1.0,1.0,1.0,1.0,1.0,1.0,1.0,1.0,1.0,1.0,1.0,1.0,1.0,1.0,1.0,1.0,1.0,1.0,1.0,1.0,1.0,1.0,1.0,1.0,1.0,1.0,1.0,1.0,1.0,100.0,100.0,97.4,97.4,fall,2025,fall2025,inperson,Examination,False
1.0,0.9475,0.9,1.0,1.0,1.0,0.75,1.0,1.0,1.0,1.0,1.0,1.0,1.0,1.0,1.0,1.0,1.0,1.0,1.0,1.0,1.0,1.0,1.0,1.0,1.0,1.0,1.0,1.0,1.0,1.0,1.0,1.0,1.0,1.0,1.0,100.0,95.5,97.375,95.5,fall,2025,fall2025,inperson,Application,False
0.9333333333333333,0.975,1.0,1.0,1.0,1.0,1.0,1.0,1.0,1.0,1.0,1.0,1.0,1.0,1.0,1.0,1.0,1.0,1.0,1.0,1.0,1.0,1.0,1.0,1.0,1.0,1.0,1.0,1.0,1.0,1.0,1.0,1.0,0.0,1.0,1.0,96.15384615384616,100.0,96.45833333333333,96.15384615384616,fall,2025,fall2025,inperson,Preparation,False
0.8666666666666667,0.6875,1.0,1.0,1.0,1.0,1.0,1.0,1.0,0.0,1.0,1.0,1.0,1.0,0.8,1.0,1.0,1.0,1.0,1.0,1.0,1.0,1.0,1.0,0.0,1.0,1.0,1.0,1.0,1.0,1.0,1.0,1.0,1.0,1.0,1.0,95.38461538461539,90.0,77.70833333333334,77.70833333333334,fall,2025,fall2025,inperson,Examination,False
0.8133333333333332,0.65125,1.0,1.0,1.0,0.85,1.0,1.0,0.25,1.0,1.0,1.0,1.0,1.0,1.0,1.0,0.5833333333333334,0.9333333333333332,1.0,1.0,1.0,1.0,1.0,1.0,1.0,0.0,1.0,1.0,1.0,0.0,1.0,1.0,0.0,1.0,1.0,1.0,86.6025641025641,91.0,73.22916666666666,73.22916666666666,fall,2025,fall2025,inperson,Examination,False
1.0,0.714,0.9,0.7,1.0,1.0,1.0,0.9682999999999999,1.0,1.0,1.0,1.0,1.0,1.0,0.0,1.0,1.0,0.6,1.0,1.0,0.84,1.0,0.0,0.0,1.0,1.0,1.0,1.0,1.0,1.0,0.0,1.0,1.0,1.0,1.0,1.0,82.46153846153847,91.68299999999999,85.69999999999999,82.46153846153847,fall,2025,fall2025,inperson,Preparation,False
1.0,0.93925,0.95,1.0,1.0,1.0,1.0,1.0,1.0,1.0,1.0,1.0,1.0,1.0,1.0,1.0,1.0,1.0,1.0,1.0,1.0,1.0,1.0,1.0,1.0,1.0,0.0,1.0,1.0,1.0,1.0,1.0,1.0,1.0,1.0,1.0,96.15384615384616,99.0,96.9625,96.15384615384616,fall,2025,fall2025,inperson,Preparation,False
1.0,0.8957499999999999,1.0,1.0,0.0,1.0,1.0,0.9367,1.0,1.0,1.0,1.0,1.0,1.0,1.0,1.0,1.0,0.0,1.0,0.25,0.0,1.0,1.0,1.0,1.0,1.0,1.0,1.0,1.0,1.0,1.0,1.0,1.0,1.0,1.0,1.0,89.42307692307692,89.367,94.7875,89.367,fall,2025,fall2025,inperson,Application,False
0.6133333333333333,0.655,0.82,0.85,0.25,1.0,1.0,1.0,1.0,0.95,0.0,1.0,1.0,0.0,1.0,0.0,1.0,1.0,0.0,0.0,0.0,0.0,1.0,1.0,1.0,0.0,0.0,1.0,1.0,1.0,0.0,1.0,0.0,1.0,1.0,1.0,57.69230769230769,85.4,64.45833333333333,57.69230769230769,fall,2025,fall2025,inperson,Preparation,True
0.9933333333333334,0.8275,0.95,1.0,1.0,1.0,0.1,0.9967,1.0,1.0,1.0,1.0,1.0,1.0,1.0,1.0,1.0,0.8333333333333334,1.0,1.0,0.9775,1.0,1.0,1.0,1.0,1.0,1.0,1.0,1.0,1.0,1.0,1.0,1.0,1.0,0.0,1.0,95.42628205128204,89.967,91.04166666666667,89.967,fall,2025,fall2025,inperson,Application,False
0.7799999999999999,0.95,1.0,1.0,1.0,1.0,1.0,0.9567,1.0,1.0,1.0,1.0,1.0,1.0,1.0,1.0,1.0,1.0,1.0,1.0,1.0,1.0,1.0,1.0,1.0,1.0,1.0,1.0,1.0,1.0,0.88,1.0,1.0,1.0,1.0,1.0,99.53846153846153,99.567,90.75,90.75,fall,2025,fall2025,inperson,Examination,False
1.0,0.975,1.0,1.0,1.0,1.0,1.0,1.0,1.0,1.0,1.0,1.0,1.0,1.0,1.0,1.0,1.0,1.0,1.0,1.0,1.0,1.0,1.0,1.0,1.0,1.0,1.0,1.0,1.0,1.0,1.0,1.0,1.0,1.0,1.0,1.0,100.0,100.0,98.75,98.75,fall,2025,fall2025,inperson,Examination,False
1.0,0.92075,1.0,1.0,1.0,1.0,1.0,1.0,1.0,1.0,1.0,1.0,1.0,1.0,1.0,0.25,1.0,1.0,1.0,1.0,1.0,1.0,1.0,1.0,0.0,1.0,1.0,1.0,1.0,1.0,1.0,1.0,1.0,1.0,1.0,1.0,93.26923076923077,100.0,96.0375,93.26923076923077,fall,2025,fall2025,inperson,Preparation,False
0.9266666666666666,0.944,1.0,1.0,1.0,1.0,1.0,1.0,1.0,1.0,1.0,1.0,1.0,1.0,1.0,1.0,1.0,1.0,0.0,1.0,1.0,1.0,1.0,1.0,1.0,1.0,1.0,1.0,1.0,1.0,0.0,1.0,1.0,1.0,1.0,1.0,92.3076923076923,100.0,93.96666666666667,92.3076923076923,fall,2025,fall2025,inperson,Preparation,False
0.8666666666666667,0.5894999999999999,1.0,1.0,1.0,1.0,1.0,1.0,1.0,1.0,1.0,1.0,1.0,1.0,1.0,1.0,1.0,0.0,1.0,1.0,1.0,1.0,1.0,1.0,0.915,0.0,0.0,1.0,1.0,1.0,1.0,1.0,1.0,1.0,1.0,1.0,88.13461538461539,100.0,72.80833333333334,72.80833333333334,fall,2025,fall2025,inperson,Examination,False
0.9333333333333333,1.0,1.0,1.0,1.0,1.0,1.0,1.0,1.0,1.0,1.0,1.0,1.0,1.0,1.0,1.0,1.0,1.0,1.0,1.0,1.0,1.0,1.0,1.0,1.0,1.0,1.0,1.0,1.0,1.0,1.0,1.0,1.0,1.0,1.0,1.0,100.0,100.0,98.33333333333333,98.33333333333333,fall,2025,fall2025,inperson,Examination,False
0.9266666666666666,0.8402499999999999,1.0,1.0,1.0,1.0,1.0,1.0,1.0,1.0,1.0,1.0,1.0,1.0,1.0,1.0,1.0,1.0,1.0,1.0,1.0,1.0,1.0,1.0,1.0,1.0,1.0,1.0,1.0,1.0,1.0,1.0,1.0,1.0,1.0,1.0,100.0,100.0,88.34583333333333,88.34583333333333,fall,2025,fall2025,inperson,Examination,False
1.0,0.925,1.0,1.0,1.0,1.0,1.0,1.0,1.0,1.0,1.0,1.0,1.0,1.0,1.0,0.0,1.0,1.0,1.0,1.0,0.0,1.0,1.0,1.0,1.0,1.0,1.0,1.0,1.0,1.0,1.0,1.0,1.0,1.0,1.0,1.0,92.3076923076923,100.0,96.25,92.3076923076923,fall,2025,fall2025,inperson,Preparation,False
0.9066666666666666,0.8695,0.95,0.0,1.0,1.0,1.0,1.0,1.0,1.0,0.0,1.0,1.0,0.0,1.0,1.0,1.0,1.0,0.0,0.0,0.0,0.0,1.0,1.0,1.0,0.0,0.0,1.0,0.0,1.0,0.0,1.0,1.0,1.0,0.0,0.0,53.84615384615385,79.0,88.80833333333334,53.84615384615385,fall,2025,fall2025,inperson,Preparation,True
1.0,0.9257500000000001,1.0,1.0,1.0,1.0,1.0,1.0,1.0,1.0,0.0,1.0,1.0,1.0,1.0,1.0,1.0,1.0,1.0,1.0,1.0,1.0,1.0,1.0,1.0,1.0,1.0,1.0,1.0,1.0,1.0,1.0,1.0,1.0,1.0,1.0,96.15384615384616,100.0,96.2875,96.15384615384616,fall,2025,fall2025,inperson,Preparation,False
1.0,0.925,1.0,1.0,1.0,1.0,1.0,1.0,1.0,1.0,1.0,1.0,1.0,1.0,1.0,0.0,1.0,1.0,1.0,1.0,1.0,1.0,1.0,1.0,1.0,1.0,1.0,1.0,1.0,1.0,1.0,1.0,1.0,1.0,1.0,1.0,96.15384615384616,100.0,96.25,96.15384615384616,fall,2025,fall2025,inperson,Preparation,False
1.0,0.95,0.9,1.0,1.0,1.0,1.0,1.0,1.0,1.0,1.0,1.0,1.0,1.0,1.0,1.0,1.0,0.8333333333333334,1.0,1.0,0.0225,1.0,1.0,1.0,1.0,1.0,1.0,1.0,1.0,1.0,1.0,1.0,1.0,1.0,1.0,1.0,95.59935897435898,98.0,97.5,95.59935897435898,fall,2025,fall2025,inperson,Preparation,False
0.8666666666666667,0.73675,0.95,1.0,1.0,1.0,1.0,0.9833,1.0,1.0,1.0,1.0,1.0,0.5,1.0,1.0,1.0,1.0,1.0,1.0,1.0,1.0,1.0,1.0,1.0,1.0,1.0,1.0,1.0,1.0,1.0,1.0,1.0,1.0,1.0,1.0,98.07692307692308,98.833,80.17083333333333,80.17083333333333,fall,2025,fall2025,inperson,Examination,False
0.7,0.649,0.95,1.0,1.0,0.2,0.75,0.17329999999999998,1.0,1.0,1.0,1.0,1.0,1.0,0.0,1.0,1.0,0.0,1.0,1.0,1.0,0.6,1.0,1.0,1.0,1.0,1.0,0.0,1.0,1.0,0.0,1.0,1.0,1.0,1.0,1.0,83.07692307692308,80.233,67.45,67.45,fall,2025,fall2025,inperson,Examination,True
1.0,0.975,1.0,1.0,1.0,1.0,1.0,1.0,1.0,1.0,1.0,1.0,1.0,1.0,1.0,1.0,1.0,1.0,1.0,1.0,1.0,1.0,1.0,1.0,1.0,1.0,1.0,1.0,1.0,1.0,1.0,1.0,1.0,1.0,1.0,1.0,100.0,100.0,98.75,98.75,fall,2025,fall2025,inperson,Examination,False
0.9333333333333333,0.9185000000000001,1.0,1.0,1.0,1.0,1.0,1.0,1.0,1.0,1.0,1.0,1.0,1.0,1.0,1.0,1.0,1.0,1.0,1.0,1.0,0.0,1.0,0.6666666666666666,1.0,1.0,1.0,1.0,1.0,1.0,1.0,1.0,1.0,1.0,1.0,1.0,94.87179487179486,100.0,92.59166666666667,92.59166666666667,fall,2025,fall2025,inperson,Examination,False
0.8666666666666667,0.9097500000000001,0.87,1.0,1.0,1.0,1.0,1.0,1.0,1.0,1.0,1.0,1.0,1.0,1.0,1.0,1.0,1.0,1.0,1.0,1.0,1.0,1.0,1.0,1.0,1.0,1.0,1.0,1.0,1.0,1.0,1.0,0.0,1.0,1.0,1.0,96.15384615384616,97.4,89.89791666666667,89.89791666666667,fall,2025,fall2025,inperson,Examination,False
0.8533333333333334,0.9397500000000001,1.0,0.0,1.0,1.0,1.0,1.0,1.0,1.0,1.0,0.0,1.0,1.0,1.0,0.0,1.0,1.0,1.0,1.0,1.0,1.0,1.0,0.3333333333333333,1.0,1.0,0.0,1.0,1.0,1.0,0.0,1.0,0.0,1.0,0.0,1.0,74.35897435897436,80.0,91.81458333333333,74.35897435897436,fall,2025,fall2025,inperson,Preparation,False
0.9333333333333333,0.8947499999999999,0.95,1.0,1.0,1.0,1.0,1.0,1.0,1.0,1.0,1.0,1.0,1.0,1.0,1.0,1.0,1.0,0.0,1.0,1.0,1.0,1.0,1.0,1.0,1.0,1.0,1.0,1.0,1.0,1.0,1.0,0.0,1.0,1.0,1.0,92.3076923076923,99.0,91.40416666666667,91.40416666666667,fall,2025,fall2025,inperson,Examination,False
0.8666666666666667,0.79825,1.0,1.0,1.0,1.0,1.0,1.0,1.0,1.0,1.0,1.0,1.0,1.0,1.0,1.0,1.0,1.0,1.0,1.0,1.0,1.0,1.0,0.0,1.0,1.0,1.0,1.0,1.0,1.0,1.0,1.0,1.0,1.0,1.0,1.0,96.15384615384616,100.0,83.24583333333334,83.24583333333334,fall,2025,fall2025,inperson,Examination,False
1.0,0.94575,0.9,0.85,1.0,1.0,1.0,1.0,1.0,1.0,1.0,1.0,1.0,1.0,1.0,1.0,1.0,1.0,1.0,1.0,1.0,1.0,1.0,1.0,1.0,1.0,1.0,1.0,1.0,1.0,1.0,1.0,1.0,1.0,1.0,1.0,100.0,95.0,97.2875,95.0,fall,2025,fall2025,inperson,Application,False
0.8,0.91875,0.95,0.85,1.0,1.0,0.96,0.9767,1.0,1.0,1.0,1.0,1.0,1.0,1.0,1.0,1.0,0.8333333333333334,1.0,1.0,0.91,1.0,1.0,1.0,1.0,1.0,1.0,1.0,1.0,1.0,1.0,1.0,1.0,0.0,1.0,1.0,95.16666666666666,95.367,88.90625,88.90625,fall,2025,fall2025,inperson,Examination,False
0.8466666666666666,0.778,0.95,0.55,1.0,0.85,1.0,0.9,1.0,1.0,1.0,1.0,1.0,1.0,1.0,0.0,1.0,1.0,1.0,1.0,1.0,1.0,1.0,0.9333333333333332,1.0,1.0,1.0,1.0,1.0,1.0,1.0,0.0,1.0,1.0,1.0,1.0,92.05128205128206,87.5,81.23333333333332,81.23333333333332,fall,2025,fall2025,inperson,Examination,False
0.8666666666666667,0.7917500000000001,1.0,1.0,1.0,1.0,1.0,0.98,1.0,1.0,1.0,0.0,1.0,1.0,1.0,1.0,1.0,1.0,1.0,1.0,1.0,1.0,1.0,0.0,1.0,1.0,0.0,1.0,1.0,1.0,1.0,1.0,1.0,1.0,1.0,1.0,88.46153846153847,99.80000000000001,82.92083333333335,82.92083333333335,fall,2025,fall2025,inperson,Examination,False
1.0,0.9957499999999999,1.0,1.0,1.0,1.0,1.0,1.0,1.0,1.0,1.0,1.0,1.0,1.0,1.0,1.0,1.0,1.0,1.0,1.0,1.0,1.0,1.0,1.0,1.0,1.0,1.0,1.0,1.0,1.0,1.0,1.0,1.0,1.0,1.0,1.0,100.0,100.0,99.7875,99.7875,fall,2025,fall2025,inperson,Examination,False
0.92,0.55175,0.87,1.0,1.0,1.0,0.995,0.9767,1.0,0.95,1.0,1.0,1.0,1.0,1.0,1.0,1.0,0.6666666666666666,1.0,1.0,0.9775,1.0,1.0,0.9066666666666667,0.835,1.0,1.0,1.0,1.0,1.0,0.88,1.0,1.0,1.0,1.0,1.0,97.17628205128206,96.61700000000002,73.5875,73.5875,fall,2025,fall2025,inperson,Examination,False
0.5466666666666666,0.38125,0.87,1.0,1.0,1.0,1.0,0.9732999999999999,1.0,0.9,1.0,1.0,1.0,1.0,1.0,1.0,1.0,1.0,1.0,1.0,0.9775,1.0,1.0,1.0,1.0,1.0,1.0,1.0,1.0,1.0,1.0,0.0,0.0,0.0,1.0,1.0,88.375,96.13300000000001,46.39583333333333,46.39583333333333,fall,2025,fall2025,inperson,Examination,True
0.66,0.5427500000000001,1.0,1.0,1.0,1.0,1.0,0.9867,1.0,1.0,1.0,1.0,1.0,1.0,1.0,1.0,1.0,1.0,1.0,1.0,1.0,1.0,1.0,1.0,1.0,1.0,1.0,1.0,1.0,1.0,1.0,1.0,1.0,1.0,1.0,1.0,100.0,99.86699999999999,60.1375,60.1375,fall,2025,fall2025,inperson,Examination,True
1.0,0.925,1.0,1.0,1.0,1.0,1.0,1.0,1.0,1.0,1.0,1.0,1.0,1.0,1.0,1.0,1.0,1.0,1.0,1.0,1.0,1.0,1.0,1.0,1.0,1.0,1.0,1.0,1.0,1.0,1.0,1.0,1.0,1.0,1.0,1.0,100.0,100.0,96.25,96.25,fall,2025,fall2025,inperson,Examination,False
0.7266666666666667,0.76825,0.9,1.0,1.0,1.0,0.98,0.9933,0.25,1.0,1.0,1.0,1.0,0.0,1.0,1.0,1.0,1.0,1.0,1.0,1.0,0.0,1.0,0.9866666666666667,0.0,1.0,1.0,1.0,1.0,1.0,1.0,1.0,1.0,1.0,1.0,1.0,88.41025641025641,90.233,75.78541666666666,75.78541666666666,fall,2025,fall2025,inperson,Examination,False
0.9333333333333333,0.9605,0.95,1.0,1.0,1.0,1.0,1.0,1.0,1.0,1.0,1.0,1.0,1.0,1.0,1.0,1.0,1.0,1.0,1.0,1.0,1.0,1.0,1.0,1.0,1.0,1.0,1.0,1.0,1.0,1.0,1.0,1.0,1.0,1.0,1.0,100.0,99.0,95.37083333333334,95.37083333333334,fall,2025,fall2025,inperson,Examination,False
1.0,0.7375,1.0,0.1,1.0,1.0,1.0,1.0,1.0,1.0,1.0,1.0,1.0,1.0,1.0,1.0,1.0,1.0,1.0,0.0825,1.0,1.0,0.0,1.0,1.0,0.0,1.0,1.0,0.0,1.0,0.0,1.0,1.0,1.0,1.0,0.75,80.125,82.0,86.875,80.125,fall,2025,fall2025,inperson,Preparation,False
0.9933333333333334,0.975,1.0,1.0,1.0,1.0,1.0,1.0,1.0,1.0,1.0,1.0,1.0,1.0,1.0,1.0,1.0,1.0,1.0,1.0,1.0,0.0,1.0,1.0,1.0,1.0,1.0,1.0,1.0,1.0,1.0,1.0,1.0,1.0,1.0,1.0,96.15384615384616,100.0,98.41666666666667,96.15384615384616,fall,2025,fall2025,inperson,Preparation,False
0.9333333333333333,0.99475,1.0,0.85,1.0,1.0,1.0,0.9,1.0,1.0,1.0,1.0,1.0,0.0,1.0,1.0,1.0,0.8333333333333334,1.0,1.0,1.0,1.0,1.0,0.9333333333333332,1.0,1.0,1.0,1.0,1.0,1.0,1.0,1.0,1.0,1.0,1.0,1.0,95.25641025641025,96.0,97.93958333333333,95.25641025641025,fall,2025,fall2025,inperson,Preparation,False
0.9333333333333333,0.94575,1.0,1.0,1.0,1.0,1.0,1.0,1.0,1.0,1.0,1.0,1.0,1.0,1.0,1.0,1.0,0.6,1.0,0.0,1.0,1.0,1.0,1.0,1.0,1.0,1.0,1.0,1.0,1.0,1.0,0.0,0.0,1.0,0.915,1.0,86.59615384615384,100.0,94.26458333333332,86.59615384615384,fall,2025,fall2025,inperson,Preparation,False
0.9733333333333333,0.925,1.0,1.0,1.0,1.0,1.0,1.0,1.0,1.0,1.0,1.0,1.0,1.0,1.0,1.0,1.0,1.0,1.0,1.0,1.0,1.0,1.0,1.0,1.0,1.0,1.0,1.0,1.0,1.0,1.0,1.0,1.0,1.0,1.0,1.0,100.0,100.0,94.91666666666666,94.91666666666666,fall,2025,fall2025,inperson,Examination,False
1.0,0.889,1.0,0.7,1.0,1.0,0.995,1.0,1.0,1.0,1.0,1.0,1.0,1.0,1.0,1.0,1.0,0.8333333333333334,1.0,1.0,1.0,1.0,1.0,1.0,1.0,1.0,1.0,1.0,1.0,1.0,1.0,1.0,1.0,1.0,1.0,1.0,99.35897435897435,93.95,94.45,93.95,fall,2025,fall2025,inperson,Application,False
1.0,0.975,1.0,0.85,1.0,1.0,1.0,1.0,1.0,1.0,1.0,1.0,1.0,1.0,1.0,1.0,1.0,1.0,1.0,1.0,1.0,1.0,1.0,1.0,0.0,1.0,1.0,1.0,1.0,0.0,1.0,1.0,1.0,1.0,1.0,1.0,92.3076923076923,97.0,98.75,92.3076923076923,fall,2025,fall2025,inperson,Preparation,False
0.0,0.41600000000000004,1.0,1.0,1.0,1.0,0.98,0.9433,1.0,1.0,1.0,1.0,1.0,1.0,1.0,0.0,1.0,1.0,1.0,1.0,0.8875,0.0,1.0,0.0,1.0,1.0,1.0,1.0,1.0,1.0,0.8,0.0,0.0,0.5,1.0,1.0,77.64423076923077,99.233,31.200000000000003,31.200000000000003,fall,2025,fall2025,inperson,Examination,True
0.9853333333333333,0.9167500000000001,0.95,1.0,1.0,1.0,1.0,1.0,1.0,1.0,1.0,1.0,1.0,1.0,1.0,1.0,1.0,1.0,1.0,1.0,1.0,1.0,1.0,1.0,1.0,1.0,1.0,1.0,1.0,1.0,1.0,1.0,1.0,1.0,1.0,1.0,100.0,99.0,95.10416666666667,95.10416666666667,fall,2025,fall2025,inperson,Examination,False
1.0,0.9949999999999999,1.0,1.0,1.0,0.0,1.0,1.0,1.0,1.0,1.0,1.0,1.0,1.0,1.0,1.0,1.0,1.0,0.0,1.0,1.0,1.0,1.0,1.0,1.0,1.0,1.0,1.0,1.0,1.0,1.0,1.0,1.0,1.0,1.0,1.0,96.15384615384616,90.0,99.75,90.0,fall,2025,fall2025,inperson,Application,False
0.8133333333333332,0.94575,1.0,1.0,1.0,1.0,1.0,1.0,1.0,1.0,1.0,1.0,1.0,1.0,1.0,1.0,1.0,1.0,1.0,1.0,1.0,1.0,1.0,1.0,1.0,1.0,1.0,1.0,1.0,1.0,1.0,1.0,1.0,1.0,1.0,1.0,100.0,100.0,91.26458333333332,91.26458333333332,fall,2025,fall2025,inperson,Examination,False
0.8133333333333332,0.85825,0.9,0.85,1.0,0.2,1.0,1.0,1.0,1.0,1.0,1.0,1.0,0.0,1.0,1.0,1.0,1.0,1.0,0.0,1.0,1.0,1.0,1.0,1.0,1.0,1.0,1.0,1.0,1.0,1.0,1.0,0.0,1.0,1.0,1.0,88.46153846153847,87.0,84.70208333333332,84.70208333333332,fall,2025,fall2025,inperson,Examination,False
1.0,0.975,0.95,1.0,1.0,1.0,1.0,1.0,1.0,1.0,1.0,1.0,1.0,1.0,1.0,1.0,1.0,1.0,1.0,1.0,1.0,1.0,1.0,1.0,1.0,1.0,1.0,0.0,1.0,1.0,1.0,1.0,0.0,1.0,1.0,1.0,92.3076923076923,99.0,98.75,92.3076923076923,fall,2025,fall2025,inperson,Preparation,False
1.0,0.7849999999999999,1.0,1.0,1.0,1.0,1.0,1.0,1.0,1.0,1.0,1.0,1.0,1.0,1.0,1.0,1.0,1.0,1.0,1.0,1.0,1.0,1.0,1.0,1.0,1.0,1.0,1.0,1.0,1.0,1.0,1.0,1.0,1.0,1.0,1.0,100.0,100.0,89.25,89.25,fall,2025,fall2025,inperson,Examination,False
1.0,0.9957499999999999,1.0,1.0,1.0,1.0,1.0,1.0,1.0,1.0,1.0,1.0,1.0,1.0,1.0,1.0,1.0,1.0,1.0,1.0,1.0,1.0,1.0,1.0,1.0,1.0,1.0,1.0,1.0,1.0,1.0,1.0,1.0,1.0,1.0,1.0,100.0,100.0,99.7875,99.7875,fall,2025,fall2025,inperson,Examination,False
0.86,0.91325,1.0,1.0,1.0,1.0,1.0,0.97,1.0,1.0,1.0,1.0,1.0,1.0,1.0,1.0,1.0,0.0,1.0,1.0,1.0,1.0,1.0,1.0,0.835,1.0,1.0,1.0,1.0,1.0,1.0,1.0,1.0,1.0,1.0,1.0,95.51923076923077,99.69999999999999,89.99375,89.99375,fall,2025,fall2025,inperson,Examination,False
0.6266666666666667,0.73775,0.95,1.0,1.0,1.0,1.0,1.0,1.0,1.0,1.0,1.0,1.0,1.0,1.0,1.0,1.0,0.8333333333333334,1.0,1.0,1.0,1.0,1.0,1.0,1.0,1.0,1.0,1.0,1.0,1.0,1.0,1.0,1.0,1.0,1.0,1.0,99.35897435897435,99.0,70.99791666666667,70.99791666666667,fall,2025,fall2025,inperson,Examination,False
1.0,0.975,1.0,1.0,1.0,1.0,1.0,1.0,1.0,1.0,1.0,1.0,1.0,0.0,1.0,1.0,1.0,1.0,0.0,1.0,1.0,1.0,1.0,1.0,1.0,1.0,1.0,1.0,1.0,1.0,1.0,1.0,1.0,1.0,1.0,1.0,92.3076923076923,100.0,98.75,92.3076923076923,fall,2025,fall2025,inperson,Preparation,False
1.0,0.8160000000000001,0.95,0.85,1.0,1.0,1.0,1.0,1.0,1.0,1.0,1.0,1.0,1.0,1.0,1.0,1.0,1.0,1.0,0.0,1.0,1.0,1.0,1.0,1.0,0.0,1.0,1.0,1.0,1.0,1.0,1.0,1.0,0.0,1.0,1.0,88.46153846153847,96.0,90.80000000000001,88.46153846153847,fall,2025,fall2025,inperson,Preparation,False
1.0,0.85,0.95,1.0,1.0,1.0,1.0,1.0,1.0,1.0,1.0,1.0,1.0,1.0,1.0,1.0,1.0,0.0,1.0,1.0,1.0,1.0,1.0,1.0,1.0,1.0,0.0,1.0,1.0,1.0,0.0,1.0,1.0,0.0,1.0,1.0,84.61538461538461,99.0,92.5,84.61538461538461,fall,2025,fall2025,inperson,Preparation,False
1.0,0.9675,1.0,1.0,1.0,1.0,1.0,1.0,1.0,1.0,1.0,1.0,1.0,1.0,1.0,1.0,1.0,1.0,1.0,1.0,1.0,1.0,1.0,1.0,1.0,1.0,1.0,1.0,1.0,1.0,1.0,1.0,1.0,1.0,1.0,1.0,100.0,100.0,98.375,98.375,fall,2025,fall2025,inperson,Examination,False
1.0,0.86825,0.9,0.85,1.0,1.0,0.745,1.0,1.0,0.9,1.0,1.0,1.0,0.8333333333333334,0.8,1.0,0.9166666666666666,1.0,1.0,1.0,0.91,0.0,1.0,1.0,0.0,1.0,0.5,1.0,1.0,1.0,1.0,1.0,0.0,1.0,1.0,0.0,80.61538461538461,91.45,93.4125,80.61538461538461,fall,2025,fall2025,inperson,Preparation,False
0.9466666666666667,0.9,0.82,0.4,1.0,1.0,1.0,1.0,1.0,0.75,1.0,1.0,1.0,1.0,1.0,1.0,1.0,1.0,1.0,1.0,1.0,1.0,1.0,1.0,1.0,1.0,1.0,1.0,1.0,1.0,1.0,1.0,1.0,1.0,1.0,1.0,100.0,81.9,92.33333333333334,81.9,fall,2025,fall2025,inperson,Application,False
1.0,0.975,1.0,0.85,1.0,1.0,1.0,1.0,1.0,1.0,1.0,1.0,1.0,1.0,1.0,1.0,1.0,1.0,1.0,1.0,1.0,1.0,1.0,1.0,1.0,1.0,1.0,1.0,1.0,1.0,1.0,1.0,1.0,1.0,1.0,1.0,100.0,97.0,98.75,97.0,fall,2025,fall2025,inperson,Application,False
1.0,1.0,1.0,1.0,1.0,1.0,1.0,1.0,1.0,1.0,1.0,1.0,1.0,1.0,1.0,1.0,1.0,1.0,1.0,1.0,1.0,1.0,1.0,1.0,1.0,1.0,1.0,1.0,1.0,1.0,1.0,1.0,0.0,1.0,1.0,1.0,96.15384615384616,100.0,100.0,96.15384615384616,fall,2025,fall2025,inperson,Preparation,False
0.7266666666666667,0.7,1.0,1.0,1.0,1.0,1.0,1.0,1.0,1.0,0.0,0.0,1.0,1.0,1.0,1.0,1.0,1.0,1.0,1.0,1.0,1.0,1.0,1.0,1.0,1.0,0.0,1.0,1.0,1.0,1.0,0.5,1.0,1.0,1.0,1.0,86.53846153846153,100.0,71.33333333333334,71.33333333333334,fall,2025,fall2025,inperson,Examination,False
0.9066666666666666,0.975,1.0,1.0,1.0,1.0,1.0,1.0,1.0,1.0,1.0,1.0,1.0,1.0,1.0,1.0,1.0,1.0,1.0,1.0,1.0,1.0,1.0,1.0,1.0,1.0,0.0,1.0,1.0,1.0,1.0,1.0,0.0,1.0,1.0,1.0,92.3076923076923,100.0,95.79166666666666,92.3076923076923,fall,2025,fall2025,inperson,Preparation,False
0.9266666666666666,0.82925,1.0,1.0,1.0,0.2,0.995,0.5867,1.0,1.0,1.0,1.0,1.0,1.0,0.8,1.0,0.6,0.8333333333333334,0.0,1.0,0.75,1.0,1.0,1.0,0.0,1.0,0.0,1.0,0.0,0.75,1.0,1.0,1.0,1.0,0.0,1.0,75.8974358974359,87.81700000000001,87.79583333333333,75.8974358974359,fall,2025,fall2025,inperson,Preparation,False
1.0,0.97075,1.0,1.0,1.0,1.0,1.0,1.0,1.0,1.0,1.0,1.0,1.0,1.0,1.0,1.0,1.0,1.0,1.0,1.0,1.0,1.0,1.0,1.0,1.0,1.0,1.0,1.0,1.0,1.0,1.0,1.0,1.0,1.0,1.0,1.0,100.0,100.0,98.5375,98.5375,fall,2025,fall2025,inperson,Examination,False
0.9933333333333334,0.95,1.0,1.0,1.0,1.0,1.0,1.0,1.0,1.0,1.0,1.0,1.0,1.0,1.0,1.0,1.0,0.0,1.0,1.0,1.0,0.0,1.0,1.0,1.0,1.0,1.0,1.0,1.0,1.0,1.0,1.0,1.0,1.0,1.0,1.0,92.3076923076923,100.0,97.16666666666667,92.3076923076923,fall,2025,fall2025,inperson,Preparation,False
0.6933333333333334,0.775,0.9,1.0,1.0,1.0,1.0,1.0,1.0,1.0,1.0,1.0,1.0,1.0,0.0,1.0,0.0,1.0,1.0,1.0,0.0,1.0,1.0,1.0,1.0,1.0,1.0,1.0,0.0,1.0,1.0,1.0,1.0,0.0,0.0,1.0,76.92307692307692,98.0,75.45833333333334,75.45833333333334,fall,2025,fall2025,inperson,Examination,False
0.7066666666666667,0.9724999999999999,0.82,1.0,1.0,1.0,1.0,1.0,1.0,1.0,1.0,1.0,1.0,1.0,1.0,1.0,1.0,1.0,1.0,1.0,1.0,1.0,0.0,1.0,1.0,1.0,1.0,1.0,1.0,1.0,0.0,1.0,1.0,1.0,1.0,1.0,92.3076923076923,96.4,90.60416666666667,90.60416666666667,fall,2025,fall2025,inperson,Examination,False
1.0,0.95425,1.0,1.0,1.0,1.0,1.0,1.0,1.0,1.0,1.0,1.0,1.0,1.0,1.0,1.0,1.0,1.0,1.0,0.0,1.0,1.0,1.0,1.0,1.0,1.0,1.0,1.0,1.0,1.0,1.0,1.0,1.0,1.0,1.0,1.0,96.15384615384616,100.0,97.7125,96.15384615384616,fall,2025,fall2025,inperson,Preparation,False
0.9866666666666667,0.975,0.9,1.0,1.0,1.0,1.0,1.0,1.0,1.0,1.0,1.0,1.0,1.0,1.0,1.0,1.0,1.0,1.0,0.0,1.0,1.0,1.0,1.0,1.0,1.0,1.0,1.0,0.0,1.0,1.0,1.0,1.0,1.0,1.0,1.0,92.3076923076923,98.0,98.08333333333334,92.3076923076923,fall,2025,fall2025,inperson,Preparation,False
0.7466666666666666,0.6445000000000001,1.0,1.0,1.0,1.0,1.0,0.9582999999999999,1.0,1.0,1.0,1.0,1.0,1.0,1.0,1.0,1.0,0.7666666666666666,1.0,1.0,0.0,1.0,1.0,1.0,1.0,1.0,1.0,1.0,1.0,1.0,0.92,1.0,1.0,1.0,1.0,1.0,94.94871794871796,99.583,69.55833333333334,69.55833333333334,fall,2025,fall2025,inperson,Examination,True
1.0,0.8957499999999999,1.0,1.0,1.0,1.0,1.0,0.8,1.0,1.0,1.0,1.0,1.0,1.0,1.0,1.0,1.0,0.9333333333333332,1.0,1.0,1.0,1.0,1.0,1.0,1.0,1.0,0.0,1.0,1.0,1.0,1.0,1.0,1.0,1.0,1.0,1.0,95.8974358974359,98.0,94.7875,94.7875,fall,2025,fall2025,inperson,Examination,False
0.5666666666666667,0.36775,0.0,0.0,1.0,1.0,1.0,0.9967,1.0,0.0,1.0,1.0,1.0,1.0,1.0,0.0,1.0,1.0,1.0,1.0,0.0,0.0,0.0,1.0,0.0,0.0,0.0,0.0,0.0,0.0,0.0,0.0,0.0,0.0,0.0,0.0,38.46153846153846,49.967000000000006,46.72083333333333,38.46153846153846,fall,2025,fall2025,inperson,Preparation,True
1.0,0.92075,0.87,0.7,1.0,1.0,1.0,1.0,1.0,1.0,1.0,1.0,1.0,1.0,1.0,1.0,0.0,1.0,1.0,1.0,1.0,1.0,1.0,1.0,1.0,1.0,1.0,1.0,1.0,1.0,1.0,1.0,0.0,0.0,1.0,1.0,88.46153846153847,91.4,96.0375,88.46153846153847,fall,2025,fall2025,inperson,Preparation,False
0.9333333333333333,0.97075,0.95,1.0,1.0,1.0,1.0,1.0,1.0,1.0,1.0,1.0,1.0,1.0,1.0,1.0,1.0,1.0,1.0,1.0,1.0,1.0,1.0,1.0,1.0,1.0,1.0,1.0,1.0,1.0,1.0,1.0,1.0,1.0,1.0,1.0,100.0,99.0,96.13958333333333,96.13958333333333,fall,2025,fall2025,inperson,Examination,False
0.9186666666666666,0.9099999999999999,1.0,1.0,1.0,1.0,1.0,1.0,1.0,1.0,1.0,1.0,1.0,1.0,1.0,1.0,1.0,1.0,1.0,1.0,1.0,0.0,1.0,1.0,1.0,1.0,1.0,1.0,1.0,1.0,1.0,1.0,1.0,1.0,1.0,1.0,96.15384615384616,100.0,91.43333333333332,91.43333333333332,fall,2025,fall2025,inperson,Examination,False
0.8,0.6875,0.1,1.0,1.0,1.0,1.0,1.0,1.0,1.0,1.0,1.0,1.0,1.0,1.0,1.0,1.0,1.0,1.0,1.0,1.0,1.0,1.0,1.0,1.0,1.0,1.0,1.0,1.0,1.0,1.0,1.0,1.0,1.0,1.0,1.0,100.0,82.0,74.375,74.375,fall,2025,fall2025,inperson,Examination,False
0.8386666666666667,0.624,1.0,0.7,1.0,1.0,1.0,1.0,1.0,1.0,1.0,1.0,1.0,1.0,0.8,1.0,1.0,0.7000000000000001,1.0,1.0,1.0,1.0,1.0,1.0,1.0,1.0,1.0,1.0,1.0,1.0,1.0,1.0,1.0,1.0,1.0,1.0,98.07692307692308,94.0,73.13333333333334,73.13333333333334,fall,2025,fall2025,inperson,Examination,False
0.8733333333333333,0.9349999999999999,0.9,1.0,1.0,1.0,1.0,1.0,1.0,0.95,1.0,1.0,1.0,1.0,1.0,1.0,1.0,1.0,1.0,0.75,1.0,1.0,1.0,1.0,1.0,1.0,0.0,1.0,1.0,1.0,1.0,1.0,1.0,1.0,1.0,1.0,95.1923076923077,97.5,91.95833333333333,91.95833333333333,fall,2025,fall2025,inperson,Examination,False
1.0,0.975,1.0,1.0,1.0,1.0,1.0,1.0,1.0,1.0,1.0,1.0,1.0,1.0,1.0,1.0,0.0,1.0,1.0,1.0,1.0,1.0,1.0,1.0,1.0,1.0,1.0,1.0,1.0,1.0,1.0,1.0,1.0,1.0,1.0,1.0,96.15384615384616,100.0,98.75,96.15384615384616,fall,2025,fall2025,inperson,Preparation,False
0.8666666666666667,0.73,1.0,1.0,1.0,1.0,1.0,1.0,1.0,1.0,1.0,1.0,1.0,1.0,1.0,1.0,1.0,1.0,1.0,1.0,1.0,1.0,1.0,1.0,1.0,1.0,1.0,1.0,1.0,1.0,1.0,1.0,1.0,1.0,1.0,1.0,100.0,100.0,79.83333333333334,79.83333333333334,fall,2025,fall2025,inperson,Examination,False
0.86,0.7765,0.95,1.0,1.0,1.0,1.0,1.0,1.0,1.0,1.0,1.0,1.0,1.0,1.0,1.0,1.0,1.0,1.0,1.0,0.0,1.0,1.0,1.0,1.0,1.0,1.0,1.0,1.0,1.0,1.0,1.0,1.0,1.0,1.0,1.0,96.15384615384616,99.0,81.82499999999999,81.82499999999999,fall,2025,fall2025,inperson,Examination,False
0.8666666666666667,0.71075,0.0,1.0,1.0,1.0,1.0,0.98,1.0,1.0,1.0,1.0,1.0,1.0,0.0,1.0,1.0,1.0,1.0,1.0,0.9775,1.0,1.0,1.0,0.915,0.0,1.0,1.0,1.0,1.0,0.0,0.0,0.0,0.5,1.0,1.0,78.43269230769229,79.80000000000001,78.87083333333334,78.43269230769229,fall,2025,fall2025,inperson,Preparation,False
0.8666666666666667,0.64525,0.95,1.0,1.0,1.0,1.0,1.0,0.95,1.0,1.0,1.0,1.0,1.0,1.0,1.0,0.9166666666666666,0.7666666666666666,1.0,1.0,1.0,1.0,1.0,1.0,1.0,1.0,1.0,0.0,1.0,0.0,0.0,1.0,1.0,1.0,0.915,1.0,86.91666666666667,98.5,75.59583333333333,75.59583333333333,fall,2025,fall2025,inperson,Examination,False
1.0,0.9259999999999999,0.95,1.0,1.0,1.0,1.0,0.6,1.0,1.0,1.0,1.0,1.0,1.0,1.0,1.0,1.0,1.0,1.0,1.0,0.0,1.0,0.0,1.0,1.0,1.0,1.0,1.0,1.0,1.0,1.0,1.0,0.0,1.0,1.0,1.0,88.46153846153847,95.0,96.3,88.46153846153847,fall,2025,fall2025,inperson,Preparation,False
1.0,0.95,1.0,1.0,1.0,1.0,1.0,1.0,1.0,1.0,1.0,1.0,1.0,1.0,1.0,1.0,1.0,1.0,1.0,1.0,1.0,1.0,1.0,1.0,1.0,1.0,1.0,0.0,1.0,1.0,1.0,1.0,1.0,1.0,1.0,1.0,96.15384615384616,100.0,97.5,96.15384615384616,fall,2025,fall2025,inperson,Preparation,False
0.9333333333333333,0.6587500000000001,1.0,0.85,1.0,1.0,1.0,0.8,1.0,1.0,1.0,1.0,1.0,1.0,1.0,0.0,1.0,1.0,1.0,0.25,0.0,1.0,0.0,1.0,1.0,1.0,1.0,1.0,1.0,1.0,1.0,1.0,1.0,1.0,1.0,1.0,85.57692307692308,95.0,79.60416666666666,79.60416666666666,fall,2025,fall2025,inperson,Examination,False
0.754,0.73475,1.0,1.0,1.0,1.0,1.0,1.0,1.0,1.0,1.0,1.0,1.0,1.0,1.0,1.0,1.0,1.0,1.0,1.0,1.0,1.0,0.0,1.0,1.0,1.0,1.0,1.0,1.0,1.0,1.0,1.0,1.0,1.0,1.0,1.0,96.15384615384616,100.0,74.4375,74.4375,fall,2025,fall2025,inperson,Examination,False
1.0,0.8324999999999999,1.0,1.0,1.0,1.0,1.0,1.0,1.0,1.0,0.0,1.0,1.0,0.0,0.8,0.0,1.0,1.0,1.0,1.0,1.0,1.0,1.0,0.0,0.0,1.0,1.0,0.0,1.0,1.0,0.0,1.0,1.0,1.0,1.0,1.0,72.3076923076923,100.0,91.625,72.3076923076923,fall,2025,fall2025,inperson,Preparation,False
0.9333333333333333,0.8707499999999999,0.95,1.0,1.0,1.0,1.0,0.9833,1.0,0.95,1.0,1.0,1.0,1.0,1.0,1.0,1.0,1.0,1.0,1.0,1.0,1.0,1.0,1.0,1.0,0.0,1.0,1.0,0.0,1.0,0.0,1.0,1.0,0.0,1.0,1.0,84.61538461538461,98.333,90.20416666666665,84.61538461538461,fall,2025,fall2025,inperson,Preparation,False
0.9333333333333333,1.0,1.0,1.0,1.0,1.0,1.0,1.0,1.0,1.0,1.0,1.0,1.0,1.0,1.0,0.0,1.0,1.0,1.0,1.0,0.0,1.0,1.0,1.0,1.0,1.0,1.0,1.0,1.0,1.0,1.0,1.0,1.0,1.0,1.0,1.0,92.3076923076923,100.0,98.33333333333333,92.3076923076923,fall,2025,fall2025,inperson,Preparation,False
0.8666666666666667,0.8085000000000001,0.9,0.7,1.0,1.0,1.0,1.0,1.0,1.0,1.0,1.0,1.0,1.0,1.0,1.0,1.0,1.0,1.0,1.0,1.0,1.0,1.0,1.0,1.0,1.0,1.0,1.0,1.0,1.0,1.0,1.0,1.0,1.0,1.0,1.0,100.0,92.0,83.75833333333334,83.75833333333334,fall,2025,fall2025,inperson,Examination,False
0.9333333333333333,0.9724999999999999,1.0,1.0,1.0,1.0,1.0,1.0,1.0,1.0,1.0,1.0,1.0,1.0,1.0,1.0,1.0,1.0,1.0,1.0,1.0,1.0,1.0,1.0,1.0,1.0,1.0,1.0,1.0,1.0,1.0,1.0,1.0,1.0,1.0,1.0,100.0,100.0,96.27083333333333,96.27083333333333,fall,2025,fall2025,inperson,Examination,False
0.88,0.9417500000000001,0.9,1.0,1.0,1.0,1.0,0.99,1.0,1.0,1.0,1.0,1.0,1.0,1.0,1.0,1.0,1.0,0.0,1.0,1.0,1.0,1.0,1.0,1.0,1.0,1.0,1.0,1.0,1.0,1.0,1.0,1.0,1.0,1.0,1.0,96.15384615384616,97.9,92.63125000000001,92.63125000000001,fall,2025,fall2025,inperson,Examination,False
1.0,0.9724999999999999,0.95,1.0,1.0,1.0,1.0,1.0,1.0,1.0,1.0,1.0,1.0,1.0,1.0,1.0,1.0,1.0,1.0,1.0,1.0,1.0,1.0,1.0,1.0,1.0,1.0,1.0,1.0,1.0,1.0,1.0,1.0,1.0,1.0,1.0,100.0,99.0,98.625,98.625,fall,2025,fall2025,inperson,Examination,False
0.9733333333333333,0.82575,0.87,0.85,1.0,1.0,1.0,1.0,1.0,1.0,1.0,1.0,1.0,1.0,1.0,0.0,1.0,0.0,1.0,0.0,1.0,0.0,0.0,1.0,1.0,1.0,1.0,0.0,1.0,1.0,1.0,1.0,1.0,1.0,1.0,1.0,76.92307692307692,94.4,89.95416666666667,76.92307692307692,fall,2025,fall2025,inperson,Preparation,False
1.0,0.97,0.9,0.85,1.0,1.0,1.0,1.0,1.0,1.0,1.0,0.0,1.0,1.0,0.0,1.0,1.0,1.0,1.0,1.0,1.0,1.0,1.0,1.0,1.0,1.0,1.0,1.0,1.0,1.0,1.0,1.0,1.0,1.0,1.0,1.0,92.3076923076923,95.0,98.5,92.3076923076923,fall,2025,fall2025,inperson,Preparation,False
1.0,0.9455,0.9,1.0,1.0,1.0,1.0,1.0,1.0,1.0,1.0,1.0,1.0,1.0,1.0,1.0,1.0,1.0,1.0,1.0,1.0,1.0,0.0,1.0,1.0,1.0,1.0,1.0,1.0,1.0,1.0,1.0,1.0,1.0,1.0,1.0,96.15384615384616,98.0,97.275,96.15384615384616,fall,2025,fall2025,inperson,Preparation,False
1.0,0.875,0.9,1.0,1.0,1.0,1.0,1.0,1.0,1.0,1.0,1.0,1.0,1.0,1.0,1.0,1.0,1.0,1.0,1.0,1.0,1.0,1.0,1.0,1.0,1.0,1.0,1.0,1.0,1.0,1.0,1.0,1.0,1.0,1.0,1.0,100.0,98.0,93.75,93.75,fall,2025,fall2025,inperson,Examination,False
0.62,0.5525,0.87,1.0,1.0,1.0,0.995,1.0,1.0,1.0,1.0,1.0,1.0,1.0,1.0,1.0,1.0,1.0,1.0,1.0,1.0,1.0,1.0,1.0,1.0,1.0,1.0,1.0,1.0,1.0,1.0,1.0,1.0,1.0,0.0,1.0,96.15384615384616,97.35000000000001,58.625,58.625,fall,2025,fall2025,inperson,Examination,True
0.9333333333333333,0.9957499999999999,1.0,1.0,1.0,1.0,1.0,1.0,1.0,1.0,1.0,1.0,1.0,1.0,1.0,1.0,1.0,0.26666666666666666,1.0,1.0,1.0,1.0,1.0,0.9266666666666666,1.0,1.0,1.0,1.0,1.0,1.0,1.0,1.0,1.0,0.5,1.0,1.0,94.97435897435896,100.0,98.01458333333332,94.97435897435896,fall,2025,fall2025,inperson,Preparation,False
0.8666666666666667,0.8775000000000001,0.95,1.0,1.0,1.0,1.0,1.0,1.0,1.0,1.0,1.0,1.0,1.0,1.0,1.0,1.0,1.0,1.0,1.0,1.0,1.0,1.0,1.0,1.0,1.0,1.0,1.0,1.0,1.0,1.0,1.0,1.0,1.0,1.0,1.0,100.0,99.0,87.47916666666667,87.47916666666667,fall,2025,fall2025,inperson,Examination,False
0.9066666666666666,0.92075,1.0,1.0,1.0,1.0,1.0,1.0,1.0,1.0,1.0,1.0,1.0,1.0,1.0,1.0,1.0,1.0,1.0,1.0,1.0,1.0,1.0,1.0,1.0,1.0,1.0,1.0,1.0,1.0,1.0,1.0,1.0,1.0,1.0,1.0,100.0,100.0,91.72291666666666,91.72291666666666,fall,2025,fall2025,inperson,Examination,False
0.76,0.60325,0.95,0.0,1.0,1.0,1.0,1.0,1.0,0.95,1.0,1.0,1.0,0.0,1.0,1.0,1.0,1.0,1.0,1.0,1.0,0.0,0.0,1.0,0.0,1.0,1.0,0.0,1.0,1.0,0.0,1.0,1.0,0.0,0.0,1.0,69.23076923076923,78.5,68.1625,68.1625,fall,2025,fall2025,inperson,Examination,True
1.0,0.95,1.0,1.0,1.0,1.0,1.0,0.2,1.0,1.0,1.0,1.0,1.0,1.0,1.0,1.0,1.0,1.0,1.0,1.0,1.0,1.0,1.0,0.57,0.665,1.0,0.0,1.0,1.0,1.0,1.0,1.0,1.0,1.0,1.0,1.0,93.21153846153847,92.0,97.5,92.0,fall,2025,fall2025,inperson,Application,False
0.9133333333333333,0.9167500000000001,1.0,1.0,1.0,1.0,1.0,1.0,1.0,1.0,1.0,1.0,1.0,1.0,1.0,1.0,1.0,1.0,1.0,1.0,1.0,1.0,1.0,1.0,1.0,1.0,1.0,1.0,1.0,1.0,1.0,1.0,1.0,0.5,1.0,1.0,98.07692307692308,100.0,91.58958333333334,91.58958333333334,fall,2025,fall2025,inperson,Examination,False
1.0,0.8707499999999999,0.95,1.0,1.0,1.0,1.0,0.9967,1.0,0.65,1.0,1.0,1.0,1.0,1.0,1.0,1.0,1.0,1.0,1.0,1.0,1.0,1.0,1.0,0.665,1.0,1.0,1.0,1.0,1.0,1.0,1.0,1.0,1.0,1.0,1.0,98.71153846153847,95.46700000000001,93.5375,93.5375,fall,2025,fall2025,inperson,Examination,False
0.9866666666666667,0.9,0.9,0.7,1.0,1.0,1.0,1.0,1.0,1.0,1.0,1.0,1.0,0.0,1.0,1.0,1.0,1.0,1.0,1.0,1.0,1.0,1.0,1.0,1.0,1.0,1.0,1.0,1.0,1.0,0.0,1.0,1.0,1.0,1.0,1.0,92.3076923076923,92.0,94.33333333333334,92.0,fall,2025,fall2025,inperson,Application,False
0.8666666666666667,0.85,1.0,1.0,1.0,1.0,1.0,1.0,1.0,1.0,1.0,1.0,1.0,1.0,1.0,1.0,1.0,1.0,1.0,1.0,1.0,1.0,1.0,1.0,1.0,1.0,1.0,1.0,1.0,1.0,1.0,1.0,1.0,1.0,1.0,1.0,100.0,100.0,85.83333333333334,85.83333333333334,fall,2025,fall2025,inperson,Examination,False
1.0,1.0,0.95,1.0,1.0,1.0,1.0,1.0,1.0,1.0,0.75,1.0,1.0,1.0,1.0,1.0,1.0,1.0,0.0,1.0,1.0,1.0,1.0,1.0,1.0,1.0,1.0,1.0,1.0,1.0,1.0,1.0,1.0,1.0,1.0,1.0,95.1923076923077,99.0,100.0,95.1923076923077,fall,2025,fall2025,inperson,Preparation,False
0.4453333333333333,0.57075,0.87,1.0,1.0,1.0,1.0,0.9582999999999999,1.0,0.85,1.0,0.0,1.0,1.0,1.0,0.0,1.0,1.0,1.0,1.0,0.9325,1.0,1.0,1.0,0.0,1.0,1.0,0.0,1.0,1.0,0.92,0.0,0.0,0.0,0.0,1.0,68.66346153846153,95.483,53.93958333333333,53.93958333333333,fall,2025,fall2025,inperson,Examination,True
0.8666666666666667,0.94575,1.0,1.0,1.0,1.0,1.0,1.0,1.0,1.0,1.0,1.0,1.0,1.0,0.0,1.0,1.0,1.0,1.0,1.0,1.0,1.0,1.0,1.0,1.0,1.0,1.0,0.0,1.0,1.0,1.0,1.0,1.0,1.0,1.0,1.0,92.3076923076923,100.0,92.59791666666666,92.3076923076923,fall,2025,fall2025,inperson,Preparation,False
0.9600000000000001,0.8792500000000001,0.42,1.0,1.0,1.0,1.0,1.0,1.0,1.0,1.0,1.0,1.0,1.0,1.0,1.0,1.0,0.8333333333333334,1.0,1.0,1.0,1.0,1.0,1.0,0.835,1.0,1.0,1.0,1.0,1.0,1.0,1.0,1.0,0.5,0.915,0.0,92.62820512820511,88.4,91.9625,88.4,fall,2025,fall2025,inperson,Application,False
0.9333333333333333,0.87225,0.95,1.0,1.0,1.0,1.0,1.0,1.0,1.0,1.0,1.0,1.0,1.0,1.0,1.0,1.0,1.0,1.0,1.0,1.0,1.0,1.0,1.0,1.0,1.0,1.0,1.0,1.0,1.0,1.0,1.0,1.0,1.0,1.0,1.0,100.0,99.0,90.27916666666667,90.27916666666667,fall,2025,fall2025,inperson,Examination,False
1.0,0.9,1.0,1.0,1.0,1.0,1.0,1.0,1.0,1.0,1.0,1.0,1.0,1.0,1.0,1.0,1.0,1.0,1.0,1.0,1.0,1.0,1.0,1.0,1.0,1.0,1.0,1.0,1.0,1.0,1.0,1.0,1.0,1.0,1.0,1.0,100.0,100.0,95.0,95.0,fall,2025,fall2025,inperson,Examination,False
1.0,0.9875,1.0,0.85,1.0,1.0,1.0,1.0,1.0,1.0,1.0,1.0,1.0,1.0,1.0,1.0,1.0,1.0,1.0,1.0,1.0,1.0,1.0,1.0,1.0,1.0,1.0,1.0,1.0,1.0,1.0,0.0,1.0,1.0,1.0,1.0,96.15384615384616,97.0,99.375,96.15384615384616,fall,2025,fall2025,inperson,Preparation,False
0.8866666666666667,0.6717500000000001,0.95,1.0,1.0,1.0,1.0,0.1,1.0,0.6,1.0,1.0,1.0,1.0,0.0,1.0,1.0,1.0,1.0,1.0,1.0,1.0,1.0,1.0,0.5,0.0,1.0,1.0,1.0,1.0,1.0,1.0,1.0,1.0,1.0,1.0,90.38461538461539,86.0,77.92083333333335,77.92083333333335,fall,2025,fall2025,inperson,Examination,False
1.0,0.924,0.9,1.0,1.0,1.0,1.0,1.0,1.0,1.0,1.0,1.0,1.0,1.0,1.0,1.0,1.0,1.0,1.0,1.0,1.0,1.0,1.0,1.0,1.0,1.0,1.0,1.0,1.0,1.0,1.0,1.0,1.0,1.0,1.0,1.0,100.0,98.0,96.2,96.2,fall,2025,fall2025,inperson,Examination,False
0.9333333333333333,0.9195,1.0,1.0,1.0,1.0,0.995,1.0,1.0,1.0,1.0,1.0,1.0,1.0,1.0,1.0,1.0,1.0,1.0,1.0,1.0,1.0,1.0,1.0,1.0,1.0,1.0,1.0,1.0,1.0,1.0,1.0,1.0,1.0,1.0,1.0,100.0,99.95,92.64166666666667,92.64166666666667,fall,2025,fall2025,inperson,Examination,False
0.9333333333333333,0.89175,0.9,1.0,1.0,1.0,1.0,1.0,1.0,1.0,1.0,1.0,1.0,1.0,1.0,1.0,1.0,1.0,1.0,1.0,1.0,1.0,1.0,1.0,1.0,1.0,0.0,1.0,1.0,0.0,1.0,1.0,1.0,1.0,1.0,1.0,92.3076923076923,98.0,91.25416666666666,91.25416666666666,fall,2025,fall2025,inperson,Examination,False
1.0,0.975,1.0,1.0,1.0,1.0,1.0,1.0,1.0,1.0,1.0,1.0,1.0,1.0,1.0,1.0,1.0,1.0,1.0,1.0,1.0,1.0,1.0,1.0,1.0,1.0,1.0,1.0,1.0,1.0,1.0,1.0,1.0,1.0,1.0,1.0,100.0,100.0,98.75,98.75,fall,2025,fall2025,inperson,Examination,False
1.0,0.925,0.87,1.0,1.0,1.0,1.0,1.0,1.0,1.0,1.0,1.0,1.0,1.0,1.0,1.0,1.0,1.0,1.0,1.0,1.0,1.0,1.0,1.0,1.0,1.0,1.0,1.0,1.0,1.0,1.0,1.0,0.0,1.0,1.0,1.0,96.15384615384616,97.4,96.25,96.15384615384616,fall,2025,fall2025,inperson,Preparation,False
1.0,0.8957499999999999,1.0,1.0,1.0,1.0,1.0,1.0,1.0,1.0,1.0,1.0,1.0,1.0,1.0,1.0,1.0,1.0,1.0,1.0,1.0,1.0,1.0,1.0,1.0,1.0,1.0,1.0,1.0,1.0,1.0,1.0,1.0,1.0,1.0,1.0,100.0,100.0,94.7875,94.7875,fall,2025,fall2025,inperson,Examination,False
1.0,1.0,0.9,1.0,1.0,1.0,1.0,1.0,1.0,1.0,1.0,1.0,1.0,1.0,1.0,1.0,1.0,1.0,1.0,1.0,1.0,1.0,1.0,0.9666666666666667,1.0,1.0,1.0,1.0,1.0,1.0,1.0,1.0,1.0,1.0,1.0,1.0,99.87179487179489,98.0,100.0,98.0,fall,2025,fall2025,inperson,Application,False
1.0,1.0,0.9,1.0,1.0,1.0,1.0,1.0,1.0,1.0,1.0,1.0,1.0,1.0,1.0,1.0,1.0,1.0,1.0,1.0,1.0,1.0,1.0,1.0,1.0,1.0,1.0,1.0,1.0,1.0,0.0,1.0,1.0,1.0,1.0,1.0,96.15384615384616,98.0,100.0,96.15384615384616,fall,2025,fall2025,inperson,Preparation,False
1.0,0.925,1.0,1.0,1.0,1.0,1.0,1.0,1.0,1.0,1.0,1.0,1.0,1.0,1.0,1.0,1.0,1.0,1.0,1.0,1.0,1.0,1.0,1.0,1.0,1.0,1.0,1.0,1.0,1.0,1.0,1.0,1.0,1.0,1.0,1.0,100.0,100.0,96.25,96.25,fall,2025,fall2025,inperson,Examination,False
0.9333333333333333,0.975,1.0,1.0,1.0,1.0,1.0,1.0,1.0,1.0,1.0,1.0,1.0,1.0,1.0,0.0,1.0,1.0,1.0,1.0,1.0,1.0,1.0,1.0,1.0,1.0,1.0,1.0,1.0,1.0,1.0,1.0,1.0,1.0,1.0,1.0,96.15384615384616,100.0,96.45833333333333,96.15384615384616,fall,2025,fall2025,inperson,Preparation,False
1.0,0.9615,0.9,1.0,1.0,1.0,1.0,1.0,1.0,1.0,1.0,1.0,1.0,1.0,1.0,1.0,1.0,1.0,1.0,1.0,1.0,1.0,1.0,1.0,1.0,1.0,1.0,1.0,1.0,1.0,1.0,1.0,1.0,1.0,1.0,1.0,100.0,98.0,98.075,98.0,fall,2025,fall2025,inperson,Application,False
0.84,0.8432499999999999,0.95,0.55,1.0,1.0,1.0,1.0,1.0,1.0,1.0,1.0,1.0,1.0,1.0,1.0,1.0,0.8333333333333334,1.0,0.75,1.0,1.0,0.0,1.0,1.0,1.0,1.0,1.0,0.0,1.0,1.0,1.0,1.0,1.0,0.0,1.0,86.85897435897435,90.0,84.24375,84.24375,fall,2025,fall2025,inperson,Examination,False
1.0,0.8390000000000001,1.0,1.0,1.0,1.0,1.0,1.0,1.0,1.0,1.0,1.0,1.0,1.0,1.0,1.0,1.0,1.0,1.0,1.0,1.0,1.0,1.0,1.0,1.0,1.0,1.0,1.0,1.0,1.0,0.76,1.0,1.0,1.0,1.0,0.0,95.23076923076923,100.0,91.95,91.95,fall,2025,fall2025,inperson,Examination,False
1.0,0.8707499999999999,1.0,1.0,1.0,1.0,1.0,0.9933,1.0,1.0,1.0,1.0,1.0,1.0,1.0,1.0,1.0,1.0,1.0,1.0,1.0,1.0,1.0,1.0,0.915,1.0,1.0,1.0,1.0,1.0,1.0,1.0,1.0,1.0,1.0,1.0,99.67307692307692,99.93299999999999,93.5375,93.5375,fall,2025,fall2025,inperson,Examination,False
1.0,0.96675,1.0,1.0,1.0,1.0,1.0,1.0,1.0,1.0,1.0,1.0,1.0,1.0,1.0,1.0,1.0,1.0,1.0,1.0,1.0,1.0,1.0,1.0,1.0,1.0,1.0,1.0,1.0,1.0,1.0,1.0,1.0,1.0,1.0,0.0,96.15384615384616,100.0,98.3375,96.15384615384616,fall,2025,fall2025,inperson,Preparation,False
0.9666666666666667,0.97,0.9,1.0,1.0,0.2,1.0,0.0,1.0,0.0,1.0,0.2,1.0,1.0,1.0,1.0,1.0,1.0,1.0,0.0,1.0,1.0,0.0,1.0,0.83,1.0,0.0,1.0,0.0,1.0,0.0,0.0,1.0,1.0,1.0,1.0,73.1923076923077,70.0,96.91666666666667,70.0,fall,2025,fall2025,inperson,Application,False
0.9333333333333333,0.83675,1.0,1.0,1.0,1.0,1.0,1.0,1.0,1.0,1.0,1.0,1.0,1.0,1.0,1.0,1.0,1.0,1.0,1.0,1.0,1.0,1.0,1.0,1.0,1.0,1.0,1.0,1.0,0.0,0.0,1.0,1.0,1.0,1.0,1.0,92.3076923076923,100.0,88.50416666666666,88.50416666666666,fall,2025,fall2025,inperson,Examination,False
0.9333333333333333,0.94275,1.0,1.0,1.0,1.0,1.0,0.9833,1.0,0.95,1.0,1.0,1.0,1.0,1.0,1.0,1.0,0.6666666666666666,1.0,1.0,1.0,0.0,1.0,1.0,1.0,1.0,0.0,1.0,1.0,1.0,1.0,1.0,1.0,1.0,1.0,1.0,91.02564102564104,99.333,94.03958333333333,91.02564102564104,fall,2025,fall2025,inperson,Preparation,False
1.0,0.9724999999999999,1.0,1.0,1.0,1.0,1.0,1.0,1.0,1.0,1.0,1.0,1.0,1.0,0.2,1.0,1.0,1.0,1.0,1.0,0.0,1.0,1.0,1.0,1.0,1.0,1.0,1.0,1.0,1.0,1.0,1.0,1.0,1.0,1.0,1.0,93.07692307692308,100.0,98.625,93.07692307692308,fall,2025,fall2025,inperson,Preparation,False
0.9933333333333334,0.925,0.9,0.85,1.0,1.0,1.0,1.0,1.0,1.0,1.0,1.0,1.0,1.0,1.0,1.0,1.0,1.0,1.0,1.0,1.0,1.0,1.0,1.0,1.0,0.0,1.0,1.0,1.0,1.0,1.0,1.0,1.0,1.0,1.0,1.0,96.15384615384616,95.0,95.91666666666667,95.0,fall,2025,fall2025,inperson,Application,False
0.7266666666666667,0.4545,0.9,1.0,1.0,1.0,1.0,1.0,1.0,1.0,1.0,1.0,1.0,1.0,1.0,1.0,1.0,0.6666666666666666,1.0,1.0,1.0,1.0,1.0,1.0,1.0,1.0,1.0,1.0,1.0,0.0,1.0,0.0,1.0,1.0,0.0,0.0,83.33333333333334,98.0,59.05833333333334,59.05833333333334,fall,2025,fall2025,inperson,Examination,True
0.9333333333333333,0.788,0.82,1.0,1.0,0.2,1.0,1.0,1.0,0.9,1.0,1.0,0.0,0.5,1.0,1.0,1.0,0.7666666666666666,1.0,1.0,0.9775,1.0,0.0,1.0,1.0,1.0,0.0,1.0,0.0,0.0,0.0,1.0,0.0,1.0,1.0,1.0,70.1698717948718,87.4,86.06666666666666,70.1698717948718,fall,2025,fall2025,inperson,Preparation,False
1.0,1.0,1.0,1.0,1.0,1.0,1.0,1.0,1.0,1.0,1.0,1.0,1.0,1.0,1.0,1.0,1.0,1.0,1.0,1.0,1.0,1.0,1.0,1.0,1.0,1.0,1.0,1.0,1.0,1.0,1.0,1.0,1.0,1.0,1.0,1.0,100.0,100.0,100.0,100.0,fall,2025,fall2025,inperson,Preparation,False
0.6586666666666667,0.57325,1.0,1.0,1.0,1.0,1.0,0.99,1.0,1.0,1.0,1.0,1.0,1.0,1.0,1.0,1.0,1.0,1.0,1.0,1.0,1.0,1.0,1.0,0.0,1.0,1.0,1.0,1.0,1.0,1.0,1.0,0.0,1.0,1.0,1.0,92.3076923076923,99.9,61.59583333333334,61.59583333333334,fall,2025,fall2025,inperson,Examination,True
1.0,0.7457499999999999,1.0,1.0,1.0,1.0,1.0,1.0,1.0,1.0,0.0,1.0,1.0,1.0,1.0,1.0,1.0,1.0,1.0,1.0,1.0,1.0,1.0,1.0,1.0,1.0,1.0,1.0,1.0,1.0,1.0,0.0,1.0,1.0,1.0,1.0,92.3076923076923,100.0,87.2875,87.2875,fall,2025,fall2025,inperson,Examination,False
0.84,0.633,1.0,1.0,1.0,1.0,1.0,1.0,1.0,1.0,1.0,1.0,1.0,0.13333333333333333,1.0,1.0,1.0,1.0,1.0,1.0,1.0,1.0,0.0,1.0,1.0,1.0,1.0,0.0,1.0,1.0,1.0,1.0,1.0,1.0,1.0,1.0,88.97435897435898,100.0,73.65,73.65,fall,2025,fall2025,inperson,Examination,False
1.0,0.9730000000000001,1.0,1.0,1.0,1.0,1.0,1.0,1.0,1.0,1.0,1.0,1.0,1.0,1.0,1.0,1.0,1.0,1.0,1.0,1.0,1.0,1.0,1.0,1.0,1.0,1.0,1.0,0.0,1.0,1.0,1.0,1.0,1.0,1.0,1.0,96.15384615384616,100.0,98.65,96.15384615384616,fall,2025,fall2025,inperson,Preparation,False
0.9933333333333334,0.925,0.95,1.0,1.0,1.0,1.0,1.0,1.0,1.0,1.0,1.0,1.0,1.0,1.0,1.0,1.0,1.0,1.0,1.0,1.0,1.0,1.0,1.0,1.0,1.0,0.0,1.0,1.0,1.0,1.0,1.0,0.0,1.0,1.0,1.0,92.3076923076923,99.0,95.91666666666667,92.3076923076923,fall,2025,fall2025,inperson,Preparation,False
0.9406666666666667,0.9957499999999999,1.0,1.0,1.0,1.0,1.0,1.0,1.0,1.0,1.0,1.0,1.0,0.0,1.0,1.0,0.0,1.0,1.0,1.0,0.0,1.0,1.0,0.0,1.0,1.0,1.0,1.0,1.0,1.0,1.0,1.0,1.0,1.0,1.0,1.0,84.61538461538461,100.0,98.19791666666666,84.61538461538461,fall,2025,fall2025,inperson,Preparation,False
1.0,0.92075,0.82,1.0,1.0,1.0,1.0,1.0,1.0,1.0,1.0,1.0,1.0,1.0,1.0,1.0,1.0,1.0,1.0,1.0,1.0,0.0,1.0,1.0,1.0,1.0,1.0,1.0,1.0,1.0,1.0,1.0,1.0,1.0,1.0,0.0,92.3076923076923,96.4,96.0375,92.3076923076923,fall,2025,fall2025,inperson,Preparation,False
0.8253333333333334,0.487,1.0,0.0,1.0,1.0,0.0,0.2,1.0,1.0,1.0,1.0,1.0,1.0,0.0,1.0,1.0,0.6,0.0,0.0,1.0,1.0,1.0,1.0,0.0,1.0,1.0,0.0,1.0,0.0,0.0,0.0,0.0,1.0,0.165,0.0,56.78846153846153,62.0,65.61666666666666,56.78846153846153,fall,2025,fall2025,inperson,Preparation,True
1.0,0.95,1.0,1.0,1.0,1.0,1.0,1.0,1.0,1.0,1.0,1.0,1.0,1.0,1.0,1.0,1.0,1.0,1.0,1.0,1.0,1.0,1.0,1.0,1.0,1.0,1.0,1.0,1.0,1.0,1.0,1.0,1.0,1.0,1.0,1.0,100.0,100.0,97.5,97.5,fall,2025,fall2025,inperson,Examination,False
1.0,0.9730000000000001,0.9,1.0,1.0,1.0,1.0,1.0,1.0,1.0,1.0,1.0,1.0,1.0,1.0,1.0,1.0,1.0,1.0,1.0,1.0,1.0,1.0,1.0,1.0,1.0,1.0,1.0,1.0,1.0,1.0,1.0,1.0,1.0,1.0,1.0,100.0,98.0,98.65,98.0,fall,2025,fall2025,inperson,Application,False
1.0,0.91625,1.0,1.0,1.0,1.0,1.0,0.98,1.0,0.95,1.0,1.0,1.0,1.0,1.0,0.0,1.0,1.0,1.0,1.0,0.0,1.0,1.0,1.0,1.0,1.0,0.5,1.0,1.0,1.0,1.0,1.0,1.0,1.0,1.0,1.0,90.38461538461539,99.30000000000001,95.8125,90.38461538461539,fall,2025,fall2025,inperson,Preparation,False
1.0,0.826,1.0,1.0,1.0,1.0,1.0,1.0,1.0,1.0,1.0,1.0,1.0,1.0,1.0,1.0,1.0,1.0,1.0,1.0,1.0,1.0,1.0,1.0,1.0,1.0,1.0,1.0,1.0,1.0,1.0,1.0,1.0,1.0,1.0,1.0,100.0,100.0,91.3,91.3,fall,2025,fall2025,inperson,Examination,False
0.9733333333333333,0.975,0.9,1.0,1.0,1.0,1.0,1.0,1.0,1.0,1.0,1.0,1.0,1.0,1.0,1.0,1.0,1.0,1.0,1.0,1.0,1.0,1.0,0.0,1.0,1.0,1.0,1.0,1.0,1.0,1.0,1.0,1.0,0.5,0.915,1.0,93.90384615384616,98.0,97.45833333333333,93.90384615384616,fall,2025,fall2025,inperson,Preparation,False
0.9066666666666666,0.7315,0.95,1.0,1.0,1.0,1.0,0.955,1.0,1.0,1.0,1.0,1.0,1.0,1.0,1.0,1.0,1.0,0.0,1.0,1.0,1.0,1.0,1.0,0.835,1.0,1.0,1.0,1.0,1.0,1.0,1.0,1.0,1.0,1.0,1.0,95.51923076923077,98.55,81.90833333333333,81.90833333333333,fall,2025,fall2025,inperson,Examination,False
0.9333333333333333,0.775,0.87,1.0,1.0,1.0,1.0,1.0,1.0,1.0,1.0,1.0,1.0,1.0,1.0,1.0,1.0,0.6666666666666666,1.0,0.0,1.0,1.0,1.0,1.0,0.0,1.0,1.0,1.0,0.0,0.0,1.0,1.0,1.0,1.0,1.0,1.0,83.33333333333334,97.4,85.41666666666666,83.33333333333334,fall,2025,fall2025,inperson,Preparation,False
0.6453333333333333,0.87575,0.95,1.0,1.0,1.0,1.0,0.9617,1.0,1.0,1.0,1.0,1.0,1.0,1.0,0.0,1.0,1.0,1.0,1.0,1.0,1.0,1.0,1.0,1.0,1.0,1.0,1.0,1.0,1.0,0.0,1.0,0.0,1.0,1.0,1.0,88.46153846153847,98.617,81.81458333333333,81.81458333333333,fall,2025,fall2025,inperson,Examination,False
0.7866666666666667,0.68175,0.9,1.0,1.0,1.0,0.915,1.0,1.0,0.9,1.0,1.0,1.0,1.0,1.0,1.0,1.0,1.0,1.0,1.0,0.0,1.0,1.0,1.0,1.0,1.0,0.0,0.0,0.0,0.0,1.0,0.0,0.0,1.0,1.0,0.75,72.11538461538461,96.15,73.42083333333333,72.11538461538461,fall,2025,fall2025,inperson,Preparation,False
0.8666666666666667,0.875,1.0,1.0,1.0,1.0,1.0,1.0,1.0,1.0,1.0,1.0,1.0,1.0,1.0,1.0,1.0,1.0,1.0,1.0,1.0,1.0,1.0,1.0,1.0,1.0,1.0,1.0,1.0,1.0,1.0,1.0,1.0,1.0,0.0,1.0,96.15384615384616,100.0,87.29166666666667,87.29166666666667,fall,2025,fall2025,inperson,Examination,False
0.8666666666666667,0.73325,0.71,0.55,1.0,1.0,0.735,0.3,1.0,1.0,1.0,1.0,1.0,1.0,1.0,1.0,1.0,0.0,1.0,0.0,0.0,1.0,0.6666666666666666,0.0,0.0,1.0,0.0,0.0,1.0,1.0,1.0,1.0,1.0,1.0,1.0,1.0,71.7948717948718,75.55,79.99583333333334,71.7948717948718,fall,2025,fall2025,inperson,Preparation,False
0.8466666666666666,0.60325,1.0,1.0,1.0,1.0,1.0,1.0,1.0,1.0,0.0,1.0,1.0,1.0,1.0,1.0,1.0,0.6666666666666666,1.0,0.25,0.045,0.0,1.0,0.0,0.0,1.0,0.0,1.0,1.0,1.0,1.0,1.0,0.0,1.0,1.0,1.0,69.08333333333333,100.0,72.49583333333332,69.08333333333333,fall,2025,fall2025,inperson,Preparation,True
0.9333333333333333,0.95,1.0,1.0,1.0,1.0,1.0,1.0,1.0,1.0,0.0,1.0,1.0,1.0,1.0,1.0,1.0,1.0,1.0,1.0,1.0,1.0,1.0,1.0,1.0,1.0,1.0,1.0,1.0,1.0,1.0,1.0,1.0,1.0,1.0,1.0,96.15384615384616,100.0,94.58333333333333,94.58333333333333,fall,2025,fall2025,inperson,Examination,False
0.9266666666666666,0.74425,0.95,1.0,1.0,1.0,1.0,0.9732999999999999,1.0,1.0,1.0,0.0,1.0,1.0,1.0,1.0,1.0,1.0,1.0,1.0,1.0,1.0,1.0,1.0,1.0,1.0,1.0,1.0,1.0,1.0,0.92,1.0,1.0,1.0,1.0,1.0,95.84615384615384,98.733,83.54583333333332,83.54583333333332,fall,2025,fall2025,inperson,Examination,False
1.0,0.99375,1.0,1.0,1.0,1.0,1.0,1.0,1.0,1.0,1.0,1.0,1.0,1.0,1.0,1.0,1.0,1.0,1.0,1.0,1.0,1.0,1.0,1.0,1.0,1.0,1.0,1.0,1.0,1.0,1.0,1.0,1.0,1.0,1.0,1.0,100.0,100.0,99.6875,99.6875,fall,2025,fall2025,inperson,Examination,False
0.8,0.74175,0.9,1.0,0.0,1.0,1.0,1.0,1.0,1.0,1.0,1.0,1.0,1.0,1.0,1.0,0.0,1.0,1.0,1.0,1.0,1.0,1.0,1.0,1.0,1.0,1.0,0.0,1.0,1.0,1.0,1.0,1.0,1.0,1.0,1.0,92.3076923076923,88.0,77.0875,77.0875,fall,2025,fall2025,inperson,Examination,False
0.7933333333333333,0.92075,1.0,0.85,1.0,1.0,1.0,1.0,1.0,1.0,1.0,1.0,1.0,1.0,1.0,1.0,1.0,1.0,1.0,1.0,1.0,1.0,1.0,1.0,1.0,1.0,1.0,1.0,1.0,1.0,1.0,1.0,1.0,1.0,1.0,1.0,100.0,97.0,88.88958333333332,88.88958333333332,fall,2025,fall2025,inperson,Examination,False
1.0,0.97075,1.0,0.7,1.0,1.0,1.0,1.0,1.0,1.0,1.0,1.0,1.0,1.0,1.0,1.0,1.0,1.0,1.0,1.0,1.0,1.0,1.0,1.0,1.0,1.0,1.0,1.0,1.0,1.0,1.0,1.0,1.0,1.0,1.0,1.0,100.0,94.0,98.5375,94.0,fall,2025,fall2025,inperson,Application,False
0.9866666666666667,0.82925,1.0,1.0,1.0,1.0,1.0,1.0,1.0,1.0,1.0,0.0,1.0,1.0,1.0,1.0,1.0,1.0,1.0,1.0,1.0,1.0,1.0,1.0,1.0,1.0,1.0,1.0,1.0,1.0,0.0,1.0,1.0,1.0,1.0,1.0,92.3076923076923,100.0,90.79583333333335,90.79583333333335,fall,2025,fall2025,inperson,Examination,False
0.9333333333333333,0.7424999999999999,0.9,1.0,1.0,1.0,1.0,0.6,1.0,1.0,1.0,1.0,0.9333333333333332,1.0,1.0,1.0,1.0,1.0,1.0,1.0,0.91,1.0,1.0,1.0,1.0,1.0,1.0,1.0,1.0,1.0,1.0,1.0,1.0,1.0,1.0,1.0,99.3974358974359,94.0,83.79166666666666,83.79166666666666,fall,2025,fall2025,inperson,Examination,False
0.9333333333333333,0.82925,0.95,1.0,1.0,1.0,0.985,1.0,1.0,1.0,1.0,1.0,1.0,1.0,1.0,1.0,1.0,1.0,1.0,1.0,1.0,1.0,1.0,1.0,1.0,1.0,0.0,1.0,1.0,1.0,1.0,1.0,1.0,1.0,0.0,1.0,92.3076923076923,98.85,88.12916666666666,88.12916666666666,fall,2025,fall2025,inperson,Examination,False
0.9333333333333333,0.8797499999999999,1.0,1.0,1.0,1.0,0.995,0.9667,1.0,1.0,1.0,1.0,1.0,1.0,1.0,1.0,1.0,0.3333333333333333,1.0,1.0,0.955,1.0,1.0,0.98,1.0,1.0,1.0,1.0,1.0,1.0,0.88,1.0,1.0,1.0,1.0,1.0,96.72435897435896,99.617,90.65416666666667,90.65416666666667,fall,2025,fall2025,inperson,Examination,False
0.9066666666666666,0.59075,0.82,0.85,0.75,1.0,0.75,0.7,1.0,0.5,1.0,1.0,1.0,0.8333333333333334,1.0,1.0,1.0,0.6666666666666666,1.0,0.0,0.91,0.8,1.0,0.0,1.0,1.0,1.0,1.0,0.0,1.0,1.0,0.0,1.0,1.0,1.0,1.0,81.57692307692308,80.4,74.87083333333334,74.87083333333334,fall,2025,fall2025,inperson,Examination,False
0.9333333333333333,0.83625,0.9,1.0,1.0,1.0,1.0,1.0,1.0,1.0,1.0,0.0,1.0,1.0,1.0,1.0,1.0,0.8333333333333334,1.0,1.0,1.0,1.0,1.0,1.0,1.0,1.0,1.0,1.0,1.0,1.0,1.0,1.0,1.0,1.0,1.0,1.0,95.5128205128205,98.0,88.47916666666666,88.47916666666666,fall,2025,fall2025,inperson,Examination,False
0.8666666666666667,0.93925,1.0,1.0,1.0,1.0,1.0,1.0,1.0,1.0,1.0,1.0,1.0,1.0,1.0,0.3333333333333333,1.0,1.0,1.0,1.0,1.0,1.0,1.0,1.0,1.0,1.0,1.0,1.0,1.0,1.0,1.0,1.0,1.0,1.0,1.0,1.0,97.43589743589743,100.0,92.11041666666668,92.11041666666668,fall,2025,fall2025,inperson,Examination,False
1.0,0.975,1.0,1.0,1.0,1.0,1.0,1.0,1.0,1.0,1.0,1.0,1.0,0.0,1.0,1.0,1.0,0.0,1.0,1.0,1.0,1.0,1.0,1.0,1.0,1.0,1.0,1.0,1.0,1.0,1.0,1.0,1.0,1.0,1.0,1.0,92.3076923076923,100.0,98.75,92.3076923076923,fall,2025,fall2025,inperson,Preparation,False
0.9333333333333333,0.95,0.95,1.0,1.0,1.0,1.0,1.0,1.0,1.0,1.0,1.0,1.0,1.0,1.0,1.0,1.0,0.8333333333333334,1.0,1.0,1.0,1.0,1.0,1.0,1.0,1.0,1.0,1.0,1.0,1.0,1.0,1.0,0.0,1.0,1.0,1.0,95.5128205128205,99.0,94.58333333333333,94.58333333333333,fall,2025,fall2025,inperson,Examination,False
0.8,0.7150000000000001,0.9,1.0,0.75,1.0,1.0,1.0,1.0,1.0,0.0,1.0,1.0,1.0,1.0,1.0,1.0,1.0,1.0,0.625,0.0,1.0,0.0,1.0,0.0,1.0,1.0,0.0,1.0,1.0,1.0,1.0,0.0,0.0,0.0,1.0,67.78846153846153,95.5,75.75,67.78846153846153,fall,2025,fall2025,inperson,Preparation,True
1.0,0.9125,1.0,1.0,1.0,1.0,1.0,1.0,1.0,1.0,1.0,1.0,1.0,1.0,1.0,1.0,1.0,1.0,1.0,1.0,1.0,1.0,1.0,1.0,1.0,1.0,1.0,1.0,1.0,1.0,1.0,1.0,1.0,1.0,1.0,1.0,100.0,100.0,95.625,95.625,fall,2025,fall2025,inperson,Examination,False
0.8133333333333332,0.78175,1.0,1.0,1.0,1.0,1.0,0.9483,1.0,1.0,1.0,1.0,0.0,1.0,1.0,1.0,1.0,0.0,1.0,1.0,0.9775,1.0,0.0,1.0,0.0,1.0,1.0,1.0,0.0,1.0,0.92,1.0,0.0,1.0,1.0,1.0,76.52884615384616,99.483,79.75416666666666,76.52884615384616,fall,2025,fall2025,inperson,Preparation,False
0.6666666666666666,0.8182499999999999,0.9,0.85,0.75,1.0,1.0,0.8183,1.0,0.9,1.0,1.0,1.0,0.0,0.0,1.0,1.0,1.0,1.0,1.0,1.0,1.0,1.0,1.0,0.0,1.0,0.5,1.0,1.0,1.0,1.0,1.0,1.0,0.0,1.0,1.0,82.6923076923077,89.68299999999999,78.03541666666666,78.03541666666666,fall,2025,fall2025,inperson,Examination,False
1.0,0.80175,0.9,0.7,1.0,1.0,1.0,1.0,1.0,1.0,1.0,1.0,1.0,1.0,1.0,1.0,1.0,1.0,1.0,1.0,1.0,1.0,1.0,1.0,1.0,1.0,1.0,1.0,1.0,1.0,1.0,1.0,1.0,1.0,1.0,1.0,100.0,92.0,90.0875,90.0875,fall,2025,fall2025,inperson,Examination,False
1.0,1.0,1.0,1.0,1.0,1.0,1.0,1.0,1.0,1.0,1.0,1.0,1.0,1.0,1.0,1.0,1.0,1.0,1.0,1.0,1.0,1.0,1.0,1.0,1.0,1.0,1.0,1.0,1.0,1.0,1.0,1.0,1.0,1.0,1.0,1.0,100.0,100.0,100.0,100.0,fall,2025,fall2025,inperson,Preparation,False
0.8666666666666667,0.875,1.0,1.0,1.0,1.0,1.0,0.2,1.0,1.0,1.0,1.0,1.0,1.0,1.0,1.0,1.0,1.0,1.0,1.0,1.0,1.0,1.0,1.0,1.0,1.0,1.0,1.0,0.0,1.0,1.0,1.0,1.0,0.0,1.0,1.0,92.3076923076923,92.0,87.29166666666667,87.29166666666667,fall,2025,fall2025,inperson,Examination,False
0.9933333333333334,0.97075,1.0,1.0,1.0,1.0,1.0,1.0,1.0,1.0,1.0,1.0,1.0,1.0,1.0,1.0,1.0,1.0,1.0,1.0,1.0,1.0,1.0,1.0,1.0,1.0,1.0,1.0,1.0,1.0,1.0,1.0,1.0,1.0,1.0,1.0,100.0,100.0,98.20416666666668,98.20416666666668,fall,2025,fall2025,inperson,Examination,False
0.7933333333333333,0.8835000000000001,0.82,1.0,1.0,1.0,0.75,1.0,1.0,1.0,1.0,1.0,1.0,0.0,1.0,1.0,1.0,1.0,1.0,0.0,0.9775,1.0,0.0,1.0,1.0,1.0,1.0,1.0,1.0,0.0,1.0,1.0,1.0,1.0,1.0,1.0,84.52884615384616,93.9,86.09583333333333,84.52884615384616,fall,2025,fall2025,inperson,Preparation,False
1.0,0.9417500000000001,0.95,0.85,1.0,1.0,1.0,1.0,1.0,1.0,1.0,1.0,1.0,1.0,1.0,1.0,1.0,1.0,1.0,1.0,1.0,1.0,1.0,1.0,1.0,1.0,1.0,1.0,1.0,1.0,1.0,1.0,1.0,1.0,1.0,1.0,100.0,96.0,97.0875,96.0,fall,2025,fall2025,inperson,Application,False
0.7333333333333333,0.85,1.0,1.0,1.0,1.0,1.0,1.0,1.0,1.0,1.0,1.0,1.0,1.0,0.8,1.0,1.0,1.0,1.0,1.0,1.0,1.0,1.0,1.0,1.0,1.0,1.0,0.0,1.0,1.0,1.0,1.0,1.0,1.0,1.0,1.0,95.38461538461539,100.0,82.08333333333333,82.08333333333333,fall,2025,fall2025,inperson,Examination,False
1.0,0.9974999999999999,0.95,1.0,1.0,1.0,1.0,1.0,1.0,1.0,1.0,1.0,1.0,1.0,1.0,1.0,1.0,1.0,1.0,1.0,1.0,1.0,1.0,1.0,1.0,1.0,1.0,1.0,1.0,1.0,1.0,1.0,1.0,1.0,0.75,1.0,99.03846153846153,99.0,99.875,99.0,fall,2025,fall2025,inperson,Application,False
0.8666666666666667,0.81075,1.0,1.0,1.0,1.0,1.0,1.0,1.0,1.0,1.0,1.0,1.0,1.0,1.0,1.0,1.0,0.9333333333333332,1.0,1.0,1.0,0.0,1.0,1.0,1.0,1.0,1.0,1.0,1.0,1.0,1.0,1.0,1.0,1.0,1.0,1.0,95.8974358974359,100.0,83.87083333333334,83.87083333333334,fall,2025,fall2025,inperson,Examination,False
0.6866666666666668,0.9475,1.0,1.0,1.0,1.0,1.0,0.99,1.0,1.0,1.0,0.0,1.0,1.0,0.2,1.0,1.0,1.0,1.0,1.0,1.0,1.0,1.0,1.0,1.0,1.0,1.0,1.0,1.0,1.0,1.0,1.0,1.0,0.0,1.0,1.0,89.23076923076923,99.9,88.22916666666667,88.22916666666667,fall,2025,fall2025,inperson,Examination,False
0.9333333333333333,0.95,1.0,1.0,1.0,1.0,1.0,1.0,1.0,1.0,1.0,1.0,1.0,1.0,1.0,0.0,1.0,0.0,1.0,1.0,1.0,1.0,1.0,1.0,1.0,1.0,1.0,1.0,1.0,1.0,1.0,1.0,1.0,1.0,1.0,1.0,92.3076923076923,100.0,94.58333333333333,92.3076923076923,fall,2025,fall2025,inperson,Preparation,False
1.0,0.9,1.0,1.0,1.0,1.0,1.0,1.0,1.0,1.0,1.0,1.0,1.0,1.0,1.0,1.0,1.0,1.0,1.0,1.0,1.0,1.0,1.0,1.0,1.0,1.0,1.0,1.0,1.0,1.0,1.0,1.0,1.0,1.0,1.0,1.0,100.0,100.0,95.0,95.0,fall,2025,fall2025,inperson,Examination,False
0.9333333333333333,0.7775000000000001,1.0,1.0,1.0,1.0,1.0,1.0,1.0,1.0,1.0,1.0,1.0,1.0,1.0,1.0,1.0,1.0,1.0,1.0,1.0,1.0,1.0,1.0,1.0,1.0,0.0,1.0,1.0,1.0,1.0,1.0,0.0,1.0,0.0,1.0,88.46153846153847,100.0,85.54166666666667,85.54166666666667,fall,2025,fall2025,inperson,Examination,False
0.8666666666666667,0.8390000000000001,0.9,0.55,1.0,1.0,1.0,1.0,1.0,1.0,1.0,1.0,1.0,1.0,1.0,1.0,1.0,1.0,1.0,1.0,1.0,1.0,1.0,1.0,1.0,1.0,1.0,1.0,1.0,1.0,1.0,1.0,1.0,0.0,0.915,1.0,95.82692307692308,89.0,85.28333333333333,85.28333333333333,fall,2025,fall2025,inperson,Examination,False
0.9333333333333333,0.94575,1.0,1.0,1.0,1.0,1.0,1.0,1.0,1.0,1.0,1.0,1.0,1.0,1.0,1.0,1.0,1.0,1.0,1.0,1.0,1.0,1.0,1.0,1.0,1.0,1.0,1.0,1.0,1.0,1.0,1.0,1.0,1.0,1.0,1.0,100.0,100.0,94.26458333333332,94.26458333333332,fall,2025,fall2025,inperson,Examination,False
0.8533333333333334,0.83675,0.9,1.0,1.0,1.0,1.0,1.0,1.0,1.0,1.0,1.0,1.0,1.0,1.0,1.0,1.0,0.6666666666666666,1.0,1.0,0.0,1.0,0.0,1.0,1.0,0.0,0.0,1.0,1.0,1.0,1.0,1.0,1.0,1.0,1.0,1.0,83.33333333333334,98.0,84.50416666666666,83.33333333333334,fall,2025,fall2025,inperson,Preparation,False
0.0,0.45375,1.0,0.85,1.0,0.2,1.0,1.0,1.0,1.0,1.0,1.0,1.0,1.0,1.0,1.0,1.0,0.0,1.0,1.0,1.0,1.0,1.0,1.0,1.0,1.0,0.0,0.0,1.0,1.0,1.0,1.0,0.0,1.0,1.0,1.0,84.61538461538461,89.0,34.03125,34.03125,fall,2025,fall2025,inperson,Examination,True
1.0,0.89175,0.95,1.0,1.0,1.0,1.0,1.0,1.0,0.95,1.0,1.0,1.0,0.8333333333333334,1.0,0.0,1.0,0.0,1.0,1.0,1.0,0.0,1.0,1.0,1.0,1.0,0.0,1.0,1.0,1.0,1.0,1.0,1.0,1.0,1.0,1.0,83.97435897435898,98.5,94.5875,83.97435897435898,fall,2025,fall2025,inperson,Preparation,False
1.0,0.8925000000000001,0.9,1.0,1.0,1.0,1.0,1.0,1.0,1.0,1.0,1.0,1.0,1.0,1.0,1.0,1.0,1.0,1.0,1.0,1.0,1.0,1.0,1.0,1.0,1.0,1.0,1.0,1.0,1.0,1.0,1.0,1.0,1.0,1.0,1.0,100.0,98.0,94.625,94.625,fall,2025,fall2025,inperson,Examination,False
1.0,1.0,1.0,1.0,1.0,1.0,1.0,1.0,1.0,1.0,1.0,1.0,1.0,1.0,1.0,1.0,1.0,1.0,1.0,1.0,1.0,1.0,1.0,1.0,1.0,1.0,1.0,1.0,1.0,1.0,1.0,1.0,1.0,1.0,1.0,1.0,100.0,100.0,100.0,100.0,fall,2025,fall2025,inperson,Preparation,False
1.0,0.9157500000000001,0.95,1.0,1.0,1.0,1.0,0.965,1.0,1.0,1.0,1.0,1.0,1.0,1.0,1.0,1.0,1.0,1.0,1.0,1.0,1.0,1.0,1.0,1.0,1.0,1.0,1.0,1.0,1.0,1.0,1.0,1.0,1.0,1.0,1.0,100.0,98.65,95.7875,95.7875,fall,2025,fall2025,inperson,Examination,False
0.9933333333333334,0.9682499999999999,1.0,1.0,1.0,1.0,1.0,1.0,1.0,1.0,1.0,1.0,1.0,1.0,1.0,1.0,0.0,1.0,1.0,1.0,1.0,1.0,1.0,1.0,1.0,1.0,1.0,1.0,1.0,1.0,0.0,1.0,1.0,1.0,1.0,1.0,92.3076923076923,100.0,98.07916666666667,92.3076923076923,fall,2025,fall2025,inperson,Preparation,False
0.9333333333333333,0.845,1.0,1.0,1.0,1.0,1.0,1.0,1.0,1.0,1.0,1.0,1.0,1.0,1.0,1.0,1.0,1.0,1.0,1.0,1.0,1.0,1.0,1.0,1.0,1.0,1.0,1.0,1.0,1.0,0.0,1.0,1.0,1.0,1.0,1.0,96.15384615384616,100.0,88.91666666666666,88.91666666666666,fall,2025,fall2025,inperson,Examination,False
0.4806666666666667,0.43825000000000003,0.9,1.0,1.0,1.0,1.0,0.2,1.0,1.0,1.0,1.0,1.0,1.0,1.0,1.0,1.0,1.0,0.0,1.0,1.0,1.0,0.0,1.0,1.0,1.0,1.0,1.0,1.0,1.0,1.0,1.0,0.0,0.0,1.0,1.0,84.61538461538461,90.0,45.94583333333334,45.94583333333334,fall,2025,fall2025,inperson,Examination,True
0.7266666666666667,0.77925,1.0,0.85,1.0,1.0,1.0,0.6733,1.0,1.0,1.0,1.0,1.0,1.0,1.0,1.0,0.0,1.0,0.0,1.0,1.0,1.0,1.0,1.0,1.0,1.0,1.0,1.0,1.0,1.0,1.0,1.0,1.0,1.0,1.0,1.0,92.3076923076923,93.733,76.61041666666667,76.61041666666667,fall,2025,fall2025,inperson,Examination,False
0.9066666666666666,0.865,0.95,0.55,1.0,1.0,1.0,1.0,1.0,1.0,1.0,1.0,1.0,1.0,1.0,1.0,1.0,1.0,1.0,1.0,1.0,1.0,1.0,1.0,1.0,1.0,1.0,1.0,1.0,1.0,1.0,1.0,1.0,1.0,1.0,1.0,100.0,90.0,88.58333333333333,88.58333333333333,fall,2025,fall2025,inperson,Examination,False
0.9933333333333334,0.8825,0.9,0.0,1.0,1.0,1.0,0.1133,1.0,1.0,0.0,1.0,1.0,1.0,1.0,1.0,1.0,1.0,0.0,1.0,1.0,1.0,1.0,1.0,1.0,1.0,1.0,0.75,0.0,1.0,1.0,0.0,0.0,1.0,0.0,1.0,75.96153846153847,69.13300000000001,93.79166666666667,69.13300000000001,fall,2025,fall2025,inperson,Application,True
0.9333333333333333,0.88975,1.0,1.0,1.0,1.0,1.0,1.0,1.0,1.0,1.0,1.0,1.0,1.0,1.0,1.0,0.9166666666666666,1.0,1.0,1.0,0.9775,1.0,1.0,0.0,1.0,1.0,1.0,1.0,1.0,1.0,1.0,1.0,1.0,1.0,0.0,0.0,88.05448717948717,100.0,91.15416666666667,88.05448717948717,fall,2025,fall2025,inperson,Preparation,False
0.9266666666666666,0.9,1.0,0.7,1.0,1.0,1.0,0.9,1.0,1.0,1.0,1.0,1.0,1.0,1.0,1.0,1.0,1.0,1.0,1.0,1.0,1.0,1.0,1.0,0.5,1.0,1.0,1.0,1.0,1.0,1.0,1.0,1.0,1.0,1.0,1.0,98.07692307692308,93.0,91.33333333333333,91.33333333333333,fall,2025,fall2025,inperson,Examination,False
1.0,0.899,0.9,1.0,1.0,1.0,1.0,1.0,1.0,1.0,1.0,1.0,1.0,1.0,1.0,1.0,1.0,1.0,1.0,1.0,1.0,1.0,1.0,1.0,1.0,1.0,1.0,1.0,1.0,1.0,1.0,1.0,1.0,1.0,1.0,1.0,100.0,98.0,94.95,94.95,fall,2025,fall2025,inperson,Examination,False
0.7586666666666667,0.7445,1.0,1.0,1.0,1.0,1.0,1.0,1.0,1.0,1.0,1.0,1.0,1.0,0.0,0.0,1.0,1.0,1.0,1.0,1.0,1.0,1.0,0.0,1.0,1.0,0.0,1.0,1.0,1.0,1.0,1.0,1.0,1.0,1.0,1.0,84.61538461538461,100.0,75.15833333333333,75.15833333333333,fall,2025,fall2025,inperson,Examination,False
0.8,0.9167500000000001,0.9,1.0,1.0,1.0,1.0,1.0,1.0,1.0,1.0,1.0,1.0,1.0,0.8,1.0,1.0,0.6666666666666666,1.0,0.25,1.0,1.0,1.0,0.0,1.0,1.0,1.0,1.0,1.0,0.0,1.0,1.0,1.0,1.0,1.0,1.0,87.37179487179489,98.0,88.75625000000001,87.37179487179489,fall,2025,fall2025,inperson,Preparation,False
1.0,0.9145,0.95,1.0,1.0,1.0,0.975,0.9967,1.0,1.0,1.0,1.0,1.0,1.0,1.0,1.0,1.0,0.8333333333333334,1.0,1.0,0.955,1.0,1.0,0.0,1.0,1.0,1.0,1.0,1.0,1.0,1.0,1.0,0.0,1.0,1.0,1.0,91.49358974358975,98.717,95.725,91.49358974358975,fall,2025,fall2025,inperson,Preparation,False
0.8,0.86525,1.0,1.0,0.0,1.0,1.0,1.0,1.0,1.0,1.0,1.0,1.0,1.0,1.0,1.0,1.0,0.7666666666666666,1.0,1.0,0.955,0.0,1.0,1.0,1.0,1.0,1.0,1.0,1.0,1.0,1.0,1.0,1.0,1.0,1.0,1.0,95.08333333333333,90.0,84.89375,84.89375,fall,2025,fall2025,inperson,Examination,False
0.8733333333333333,0.71925,0.9,1.0,1.0,1.0,1.0,1.0,1.0,1.0,1.0,1.0,1.0,1.0,1.0,1.0,1.0,1.0,1.0,1.0,1.0,1.0,1.0,1.0,1.0,1.0,0.0,1.0,1.0,1.0,0.92,1.0,1.0,1.0,1.0,1.0,95.84615384615384,98.0,79.62916666666666,79.62916666666666,fall,2025,fall2025,inperson,Examination,False
0.9333333333333333,1.0,0.9,1.0,1.0,1.0,1.0,0.8,1.0,1.0,1.0,1.0,1.0,0.8333333333333334,1.0,1.0,1.0,1.0,1.0,1.0,1.0,1.0,1.0,1.0,1.0,1.0,1.0,1.0,1.0,1.0,1.0,1.0,1.0,1.0,1.0,1.0,99.35897435897436,96.0,98.33333333333333,96.0,fall,2025,fall2025,inperson,Application,False
1.0,0.925,1.0,1.0,1.0,1.0,1.0,1.0,1.0,1.0,1.0,1.0,1.0,1.0,1.0,1.0,1.0,1.0,1.0,1.0,1.0,1.0,1.0,1.0,0.5,1.0,1.0,1.0,1.0,1.0,1.0,1.0,1.0,1.0,1.0,1.0,98.07692307692308,100.0,96.25,96.25,fall,2025,fall2025,inperson,Examination,False
0.9866666666666667,0.8965,0.95,0.85,1.0,1.0,1.0,1.0,1.0,1.0,1.0,1.0,1.0,1.0,1.0,1.0,1.0,1.0,1.0,1.0,1.0,1.0,1.0,1.0,1.0,1.0,1.0,1.0,1.0,1.0,1.0,1.0,1.0,1.0,1.0,1.0,100.0,96.0,94.15833333333333,94.15833333333333,fall,2025,fall2025,inperson,Examination,False
0.8666666666666667,0.90825,1.0,1.0,1.0,1.0,1.0,1.0,1.0,1.0,1.0,1.0,1.0,1.0,1.0,1.0,1.0,1.0,1.0,1.0,1.0,1.0,1.0,1.0,1.0,1.0,1.0,1.0,1.0,1.0,1.0,1.0,1.0,1.0,1.0,1.0,100.0,100.0,89.78541666666668,89.78541666666668,fall,2025,fall2025,inperson,Examination,False
0.9333333333333333,1.0,1.0,1.0,1.0,1.0,1.0,1.0,1.0,1.0,1.0,1.0,1.0,1.0,1.0,1.0,1.0,1.0,1.0,1.0,1.0,1.0,1.0,1.0,1.0,1.0,1.0,1.0,1.0,1.0,1.0,1.0,1.0,1.0,1.0,1.0,100.0,100.0,98.33333333333333,98.33333333333333,fall,2025,fall2025,inperson,Examination,False
0.7133333333333333,0.3195,1.0,1.0,1.0,0.99,1.0,0.9517,1.0,1.0,0.0,1.0,1.0,1.0,0.0,1.0,0.0,0.7666666666666666,0.0,1.0,0.0,0.0,1.0,1.0,1.0,1.0,1.0,1.0,1.0,1.0,0.0,1.0,0.0,0.0,1.0,1.0,64.48717948717947,99.417,51.641666666666666,51.641666666666666,fall,2025,fall2025,inperson,Examination,True
0.9866666666666667,0.94575,0.95,1.0,1.0,1.0,1.0,1.0,1.0,1.0,1.0,1.0,1.0,1.0,1.0,1.0,1.0,1.0,1.0,1.0,1.0,1.0,1.0,1.0,1.0,1.0,1.0,1.0,1.0,1.0,1.0,1.0,1.0,1.0,1.0,1.0,100.0,99.0,96.62083333333334,96.62083333333334,fall,2025,fall2025,inperson,Examination,False
0.9853333333333333,0.95,1.0,1.0,1.0,1.0,1.0,1.0,1.0,1.0,1.0,1.0,0.0,1.0,1.0,1.0,1.0,1.0,1.0,1.0,1.0,1.0,1.0,1.0,1.0,1.0,1.0,1.0,1.0,1.0,1.0,1.0,1.0,1.0,1.0,1.0,96.15384615384616,100.0,96.76666666666667,96.15384615384616,fall,2025,fall2025,inperson,Preparation,False
0.7799999999999999,0.9605,0.95,1.0,1.0,1.0,1.0,1.0,1.0,1.0,1.0,1.0,1.0,1.0,1.0,1.0,1.0,0.8333333333333334,1.0,1.0,1.0,1.0,1.0,1.0,1.0,1.0,1.0,1.0,1.0,1.0,1.0,1.0,1.0,1.0,1.0,1.0,99.35897435897435,99.0,91.53750000000001,91.53750000000001,fall,2025,fall2025,inperson,Examination,False
0.9933333333333334,0.97075,1.0,1.0,1.0,1.0,1.0,1.0,1.0,1.0,1.0,1.0,1.0,1.0,1.0,1.0,1.0,1.0,1.0,1.0,1.0,1.0,1.0,1.0,1.0,1.0,1.0,1.0,1.0,1.0,1.0,1.0,1.0,1.0,1.0,1.0,100.0,100.0,98.20416666666668,98.20416666666668,fall,2025,fall2025,inperson,Examination,False
0.7866666666666667,0.73575,1.0,1.0,1.0,1.0,1.0,0.945,1.0,1.0,0.5,1.0,1.0,1.0,1.0,1.0,1.0,0.8333333333333334,1.0,1.0,0.955,1.0,1.0,1.0,1.0,1.0,1.0,1.0,1.0,1.0,0.0,1.0,1.0,1.0,1.0,1.0,93.41666666666667,99.45,76.12083333333334,76.12083333333334,fall,2025,fall2025,inperson,Examination,False
0.5933333333333334,0.6900000000000001,0.87,1.0,1.0,1.0,1.0,0.0,1.0,1.0,1.0,1.0,0.0,0.6666666666666666,0.0,1.0,0.6666666666666666,1.0,1.0,1.0,0.9325,1.0,1.0,1.0,1.0,1.0,0.0,1.0,0.0,0.0,1.0,1.0,1.0,1.0,0.0,1.0,74.09935897435898,87.4,66.58333333333334,66.58333333333334,fall,2025,fall2025,inperson,Examination,True
1.0,1.0,1.0,1.0,1.0,1.0,1.0,1.0,1.0,1.0,1.0,1.0,1.0,1.0,1.0,1.0,1.0,1.0,1.0,1.0,1.0,1.0,1.0,1.0,1.0,1.0,1.0,1.0,1.0,1.0,1.0,1.0,1.0,1.0,1.0,1.0,100.0,100.0,100.0,100.0,fall,2025,fall2025,inperson,Preparation,False
1.0,0.875,1.0,1.0,1.0,1.0,1.0,1.0,1.0,1.0,1.0,1.0,1.0,1.0,1.0,1.0,1.0,1.0,1.0,1.0,1.0,1.0,1.0,1.0,1.0,1.0,1.0,1.0,1.0,1.0,1.0,1.0,1.0,1.0,1.0,1.0,100.0,100.0,93.75,93.75,fall,2025,fall2025,inperson,Examination,False
0.9333333333333333,0.8707499999999999,1.0,1.0,1.0,1.0,1.0,1.0,1.0,1.0,1.0,1.0,1.0,1.0,1.0,0.6666666666666666,0.6666666666666666,0.8333333333333334,1.0,1.0,1.0,1.0,0.0,1.0,1.0,1.0,0.0,1.0,1.0,1.0,1.0,1.0,1.0,1.0,1.0,1.0,89.10256410256412,100.0,90.20416666666665,89.10256410256412,fall,2025,fall2025,inperson,Preparation,False
1.0,0.8875,0.9,0.55,1.0,1.0,1.0,1.0,1.0,1.0,1.0,1.0,1.0,1.0,1.0,1.0,1.0,0.8333333333333334,1.0,1.0,1.0,1.0,1.0,1.0,1.0,1.0,1.0,1.0,1.0,1.0,1.0,1.0,1.0,1.0,1.0,1.0,99.35897435897435,89.0,94.375,89.0,fall,2025,fall2025,inperson,Application,False
0.9133333333333333,0.78425,0.87,1.0,1.0,1.0,1.0,1.0,1.0,1.0,0.0,1.0,1.0,1.0,1.0,1.0,1.0,1.0,1.0,1.0,1.0,1.0,1.0,1.0,1.0,1.0,1.0,1.0,1.0,1.0,1.0,1.0,1.0,1.0,1.0,1.0,96.15384615384616,97.4,84.87916666666666,84.87916666666666,fall,2025,fall2025,inperson,Examination,False
0.7373333333333334,0.661,0.95,1.0,1.0,1.0,1.0,1.0,1.0,0.95,1.0,1.0,1.0,1.0,1.0,1.0,1.0,1.0,1.0,1.0,1.0,1.0,1.0,0.0,1.0,1.0,1.0,1.0,1.0,1.0,1.0,1.0,1.0,1.0,0.0,1.0,92.3076923076923,98.5,69.91666666666667,69.91666666666667,fall,2025,fall2025,inperson,Examination,True
1.0,0.89375,1.0,1.0,1.0,1.0,1.0,1.0,1.0,1.0,1.0,1.0,1.0,1.0,1.0,1.0,1.0,1.0,1.0,1.0,1.0,1.0,1.0,1.0,1.0,1.0,1.0,1.0,1.0,1.0,1.0,1.0,1.0,1.0,1.0,1.0,100.0,100.0,94.6875,94.6875,fall,2025,fall2025,inperson,Examination,False
0.9333333333333333,0.86875,0.95,1.0,1.0,1.0,0.97,0.9533,1.0,1.0,1.0,1.0,1.0,1.0,1.0,1.0,1.0,1.0,1.0,1.0,1.0,1.0,1.0,0.9866666666666667,1.0,1.0,1.0,1.0,1.0,1.0,0.92,1.0,1.0,0.5,0.835,1.0,97.08333333333333,98.23299999999999,90.10416666666666,90.10416666666666,fall,2025,fall2025,inperson,Examination,False
1.0,1.0,1.0,1.0,1.0,1.0,1.0,1.0,1.0,1.0,1.0,1.0,1.0,1.0,1.0,1.0,1.0,1.0,1.0,1.0,1.0,1.0,1.0,1.0,1.0,1.0,1.0,0.0,1.0,1.0,1.0,1.0,1.0,1.0,1.0,1.0,96.15384615384616,100.0,100.0,96.15384615384616,fall,2025,fall2025,inperson,Preparation,False
0.9333333333333333,0.9317500000000001,1.0,1.0,1.0,1.0,1.0,1.0,1.0,1.0,1.0,1.0,1.0,1.0,1.0,1.0,1.0,1.0,1.0,1.0,1.0,1.0,1.0,1.0,1.0,1.0,1.0,1.0,1.0,1.0,1.0,1.0,1.0,1.0,1.0,1.0,100.0,100.0,93.25416666666666,93.25416666666666,fall,2025,fall2025,inperson,Examination,False
0.84,0.0,0.9,0.85,1.0,0.84,0.96,0.7,1.0,0.9,1.0,1.0,1.0,1.0,1.0,0.0,0.9166666666666666,0.6666666666666666,1.0,1.0,0.0,1.0,1.0,0.89,0.0,0.0,1.0,1.0,0.0,1.0,1.0,0.0,1.0,0.0,0.0,1.0,67.20512820512822,89.0,42.0,42.0,fall,2025,fall2025,inperson,Examination,True
0.9266666666666666,0.7255,1.0,1.0,1.0,1.0,1.0,1.0,1.0,1.0,0.0,1.0,1.0,1.0,1.0,1.0,0.0,1.0,1.0,1.0,1.0,1.0,1.0,1.0,1.0,1.0,0.0,1.0,1.0,1.0,1.0,1.0,1.0,1.0,1.0,1.0,88.46153846153847,100.0,82.60833333333332,82.60833333333332,fall,2025,fall2025,inperson,Examination,False
0.9333333333333333,1.0,0.95,1.0,1.0,1.0,1.0,1.0,1.0,1.0,0.0,1.0,1.0,1.0,1.0,1.0,1.0,1.0,1.0,1.0,1.0,1.0,1.0,1.0,1.0,1.0,1.0,1.0,1.0,0.0,1.0,1.0,1.0,1.0,1.0,1.0,92.3076923076923,99.0,98.33333333333333,92.3076923076923,fall,2025,fall2025,inperson,Preparation,False
0.9866666666666667,0.85,1.0,1.0,1.0,1.0,1.0,1.0,1.0,1.0,1.0,1.0,1.0,1.0,1.0,1.0,1.0,1.0,1.0,1.0,1.0,1.0,1.0,1.0,1.0,1.0,1.0,1.0,1.0,1.0,1.0,1.0,1.0,1.0,1.0,1.0,100.0,100.0,91.83333333333334,91.83333333333334,fall,2025,fall2025,inperson,Examination,False
1.0,0.92225,1.0,1.0,1.0,1.0,1.0,0.9667,1.0,1.0,1.0,1.0,1.0,1.0,1.0,1.0,1.0,1.0,1.0,1.0,1.0,1.0,1.0,1.0,1.0,1.0,1.0,1.0,1.0,1.0,1.0,1.0,0.0,1.0,1.0,0.0,92.3076923076923,99.667,96.1125,92.3076923076923,fall,2025,fall2025,inperson,Preparation,False
0.9866666666666667,0.91325,1.0,1.0,1.0,1.0,1.0,1.0,1.0,1.0,1.0,1.0,1.0,1.0,1.0,1.0,1.0,1.0,1.0,1.0,1.0,1.0,1.0,1.0,1.0,1.0,1.0,1.0,1.0,1.0,1.0,1.0,1.0,1.0,1.0,1.0,100.0,100.0,94.99583333333334,94.99583333333334,fall,2025,fall2025,inperson,Examination,False
0.9933333333333334,0.96675,1.0,0.7,1.0,1.0,1.0,1.0,0.95,1.0,1.0,1.0,1.0,1.0,1.0,1.0,1.0,1.0,1.0,1.0,1.0,1.0,1.0,1.0,1.0,1.0,1.0,1.0,1.0,0.0,1.0,1.0,1.0,1.0,1.0,1.0,96.15384615384616,93.5,98.00416666666666,93.5,fall,2025,fall2025,inperson,Application,False
1.0,0.79075,0.95,1.0,1.0,1.0,1.0,1.0,1.0,1.0,1.0,1.0,1.0,1.0,1.0,1.0,1.0,1.0,1.0,1.0,1.0,1.0,1.0,1.0,1.0,1.0,1.0,1.0,1.0,1.0,1.0,1.0,1.0,1.0,1.0,1.0,100.0,99.0,89.5375,89.5375,fall,2025,fall2025,inperson,Examination,False
1.0,0.82825,1.0,1.0,1.0,1.0,1.0,0.97,1.0,1.0,1.0,0.0,1.0,1.0,1.0,1.0,1.0,0.0,1.0,0.25,0.84,1.0,1.0,1.0,0.915,1.0,1.0,1.0,1.0,1.0,0.96,0.0,1.0,1.0,1.0,1.0,84.48076923076923,99.69999999999999,91.4125,84.48076923076923,fall,2025,fall2025,inperson,Preparation,False
0.92,0.9147500000000001,1.0,1.0,1.0,1.0,1.0,0.9233,1.0,1.0,1.0,0.0,1.0,1.0,0.0,1.0,1.0,1.0,1.0,1.0,1.0,1.0,1.0,1.0,1.0,1.0,1.0,1.0,1.0,1.0,1.0,1.0,1.0,1.0,1.0,1.0,92.3076923076923,99.233,91.73750000000001,91.73750000000001,fall,2025,fall2025,inperson,Examination,False
0.98,0.873,1.0,1.0,1.0,1.0,1.0,1.0,1.0,1.0,1.0,1.0,1.0,1.0,1.0,1.0,1.0,1.0,1.0,1.0,1.0,1.0,1.0,1.0,1.0,1.0,1.0,1.0,1.0,0.0,1.0,0.0,1.0,1.0,1.0,1.0,92.3076923076923,100.0,92.65,92.3076923076923,fall,2025,fall2025,inperson,Preparation,False
1.0,0.9490000000000001,1.0,1.0,1.0,1.0,1.0,1.0,1.0,1.0,1.0,1.0,1.0,1.0,1.0,1.0,1.0,1.0,1.0,1.0,1.0,1.0,1.0,1.0,1.0,1.0,1.0,1.0,1.0,1.0,1.0,1.0,1.0,1.0,1.0,1.0,100.0,100.0,97.45,97.45,fall,2025,fall2025,inperson,Examination,False
1.0,0.975,1.0,1.0,1.0,1.0,1.0,1.0,1.0,1.0,1.0,1.0,1.0,1.0,1.0,1.0,1.0,1.0,1.0,1.0,1.0,1.0,1.0,1.0,1.0,1.0,1.0,1.0,1.0,1.0,1.0,1.0,1.0,1.0,1.0,1.0,100.0,100.0,98.75,98.75,fall,2025,fall2025,inperson,Examination,False
0.84,0.77925,1.0,1.0,1.0,1.0,1.0,1.0,1.0,1.0,1.0,1.0,1.0,1.0,1.0,1.0,1.0,0.8333333333333334,1.0,1.0,1.0,1.0,1.0,1.0,1.0,1.0,1.0,1.0,1.0,1.0,1.0,1.0,1.0,1.0,1.0,1.0,99.35897435897435,100.0,80.9625,80.9625,fall,2025,fall2025,inperson,Examination,False
1.0,0.95,1.0,1.0,1.0,1.0,1.0,1.0,1.0,1.0,1.0,1.0,1.0,1.0,1.0,1.0,1.0,1.0,1.0,1.0,1.0,1.0,1.0,1.0,1.0,1.0,1.0,1.0,1.0,1.0,1.0,1.0,1.0,1.0,1.0,1.0,100.0,100.0,97.5,97.5,fall,2025,fall2025,inperson,Examination,False
0.6866666666666668,0.65825,1.0,0.0,1.0,1.0,1.0,0.9833,1.0,1.0,1.0,1.0,1.0,1.0,1.0,1.0,1.0,0.0,1.0,1.0,1.0,1.0,1.0,0.0,1.0,1.0,1.0,1.0,1.0,1.0,1.0,1.0,1.0,1.0,1.0,1.0,92.3076923076923,79.833,67.24583333333334,67.24583333333334,fall,2025,fall2025,inperson,Examination,True
1.0,0.92075,0.95,1.0,1.0,1.0,1.0,1.0,1.0,1.0,1.0,1.0,1.0,1.0,1.0,1.0,1.0,1.0,1.0,1.0,1.0,1.0,1.0,1.0,1.0,1.0,1.0,1.0,1.0,1.0,1.0,1.0,1.0,1.0,1.0,1.0,100.0,99.0,96.0375,96.0375,fall,2025,fall2025,inperson,Examination,False
1.0,0.9484999999999999,0.1,1.0,1.0,1.0,1.0,1.0,1.0,1.0,1.0,1.0,1.0,1.0,1.0,1.0,1.0,1.0,1.0,1.0,1.0,1.0,1.0,0.9833333333333334,1.0,1.0,0.0,1.0,1.0,1.0,1.0,1.0,1.0,1.0,1.0,1.0,96.08974358974359,82.0,97.425,82.0,fall,2025,fall2025,inperson,Application,False
0.9133333333333333,0.80175,1.0,1.0,1.0,1.0,1.0,1.0,1.0,1.0,1.0,1.0,1.0,1.0,1.0,1.0,1.0,1.0,1.0,1.0,1.0,1.0,1.0,1.0,1.0,1.0,1.0,1.0,1.0,1.0,1.0,1.0,1.0,1.0,1.0,1.0,100.0,100.0,85.75416666666666,85.75416666666666,fall,2025,fall2025,inperson,Examination,False
1.0,0.95,1.0,1.0,1.0,1.0,1.0,1.0,1.0,1.0,1.0,1.0,1.0,1.0,1.0,1.0,1.0,1.0,1.0,1.0,1.0,1.0,1.0,1.0,1.0,1.0,1.0,1.0,1.0,1.0,1.0,1.0,1.0,1.0,1.0,1.0,100.0,100.0,97.5,97.5,fall,2025,fall2025,inperson,Examination,False
1.0,0.94575,1.0,1.0,1.0,1.0,1.0,1.0,1.0,1.0,1.0,1.0,1.0,1.0,1.0,1.0,1.0,1.0,1.0,1.0,1.0,1.0,1.0,1.0,1.0,1.0,1.0,1.0,1.0,1.0,1.0,1.0,1.0,1.0,1.0,1.0,100.0,100.0,97.2875,97.2875,fall,2025,fall2025,inperson,Examination,False
0.7333333333333333,0.7292500000000001,0.95,1.0,1.0,1.0,1.0,0.9632999999999999,0.25,1.0,1.0,1.0,1.0,1.0,1.0,1.0,1.0,1.0,1.0,1.0,1.0,1.0,0.0,0.0,1.0,1.0,1.0,1.0,1.0,1.0,1.0,0.0,1.0,1.0,1.0,1.0,88.46153846153847,91.13300000000001,73.12916666666666,73.12916666666666,fall,2025,fall2025,inperson,Examination,False
1.0,0.975,1.0,1.0,1.0,1.0,1.0,1.0,1.0,1.0,1.0,1.0,1.0,1.0,0.0,1.0,1.0,1.0,1.0,1.0,1.0,0.0,1.0,1.0,1.0,1.0,1.0,1.0,1.0,1.0,1.0,1.0,1.0,1.0,1.0,1.0,92.3076923076923,100.0,98.75,92.3076923076923,fall,2025,fall2025,inperson,Preparation,False
0.56,0.6917500000000001,0.9,1.0,1.0,1.0,1.0,0.9632999999999999,1.0,1.0,1.0,1.0,1.0,1.0,1.0,1.0,1.0,1.0,1.0,1.0,1.0,1.0,1.0,0.0,1.0,1.0,1.0,1.0,1.0,1.0,1.0,1.0,1.0,1.0,1.0,1.0,96.15384615384616,97.63300000000001,65.88125000000001,65.88125000000001,fall,2025,fall2025,inperson,Examination,True
1.0,0.90825,1.0,1.0,1.0,1.0,1.0,0.2,1.0,1.0,1.0,1.0,1.0,1.0,0.0,1.0,1.0,1.0,1.0,1.0,1.0,1.0,1.0,1.0,1.0,1.0,1.0,1.0,1.0,1.0,1.0,1.0,0.0,1.0,1.0,1.0,92.3076923076923,92.0,95.4125,92.0,fall,2025,fall2025,inperson,Application,False
0.7466666666666666,0.7302500000000001,1.0,1.0,1.0,1.0,1.0,1.0,1.0,1.0,1.0,1.0,1.0,1.0,1.0,1.0,1.0,1.0,1.0,1.0,1.0,1.0,1.0,1.0,1.0,1.0,1.0,1.0,1.0,1.0,1.0,1.0,1.0,1.0,1.0,1.0,100.0,100.0,73.84583333333333,73.84583333333333,fall,2025,fall2025,inperson,Examination,False
1.0,0.925,1.0,1.0,1.0,1.0,1.0,1.0,1.0,1.0,1.0,1.0,1.0,1.0,1.0,1.0,1.0,1.0,1.0,1.0,1.0,1.0,1.0,1.0,1.0,1.0,1.0,1.0,1.0,1.0,1.0,1.0,1.0,1.0,1.0,1.0,100.0,100.0,96.25,96.25,fall,2025,fall2025,inperson,Examination,False
0.7933333333333333,0.8125,0.9,1.0,1.0,1.0,1.0,1.0,1.0,1.0,1.0,1.0,1.0,1.0,1.0,1.0,1.0,1.0,1.0,1.0,1.0,1.0,1.0,1.0,1.0,1.0,1.0,1.0,1.0,1.0,1.0,1.0,1.0,0.0,1.0,1.0,96.15384615384616,98.0,80.77083333333333,80.77083333333333,fall,2025,fall2025,inperson,Examination,False
1.0,0.82575,0.9,1.0,1.0,1.0,1.0,1.0,1.0,1.0,0.0,1.0,1.0,1.0,1.0,0.0,1.0,0.0,0.0,0.0,1.0,1.0,1.0,1.0,1.0,1.0,1.0,1.0,0.0,1.0,1.0,1.0,1.0,1.0,1.0,1.0,76.92307692307692,98.0,91.2875,76.92307692307692,fall,2025,fall2025,inperson,Preparation,False
1.0,0.925,0.95,1.0,1.0,1.0,1.0,1.0,1.0,1.0,1.0,1.0,1.0,1.0,1.0,1.0,1.0,1.0,1.0,1.0,1.0,1.0,1.0,1.0,1.0,1.0,1.0,1.0,1.0,1.0,1.0,1.0,1.0,1.0,1.0,1.0,100.0,99.0,96.25,96.25,fall,2025,fall2025,inperson,Examination,False
0.9333333333333333,0.9724999999999999,1.0,1.0,1.0,1.0,1.0,1.0,1.0,1.0,1.0,1.0,1.0,1.0,1.0,1.0,1.0,1.0,1.0,1.0,1.0,1.0,1.0,1.0,1.0,1.0,1.0,1.0,1.0,1.0,1.0,1.0,1.0,1.0,1.0,1.0,100.0,100.0,96.27083333333333,96.27083333333333,fall,2025,fall2025,inperson,Examination,False
0.9333333333333333,0.925,0.95,1.0,1.0,1.0,1.0,1.0,1.0,1.0,1.0,1.0,1.0,1.0,0.0,1.0,1.0,1.0,1.0,1.0,1.0,1.0,1.0,0.0,1.0,1.0,0.0,1.0,1.0,1.0,1.0,1.0,1.0,1.0,1.0,1.0,88.46153846153847,99.0,92.91666666666666,88.46153846153847,fall,2025,fall2025,inperson,Preparation,False
0.672,0.81275,1.0,1.0,1.0,0.0,0.98,0.0,1.0,1.0,0.0,0.0,1.0,1.0,0.0,0.0,1.0,0.6666666666666666,0.0,1.0,1.0,1.0,1.0,1.0,0.25,1.0,1.0,1.0,1.0,1.0,0.0,1.0,0.0,1.0,1.0,1.0,68.91025641025641,79.8,77.75625,68.91025641025641,fall,2025,fall2025,inperson,Preparation,True
0.9266666666666666,0.73,0.9,0.85,1.0,1.0,1.0,0.85,1.0,1.0,1.0,1.0,1.0,1.0,1.0,1.0,1.0,1.0,1.0,1.0,1.0,1.0,1.0,0.0,1.0,1.0,1.0,1.0,1.0,1.0,1.0,0.0,0.0,1.0,1.0,1.0,88.46153846153847,93.5,82.83333333333333,82.83333333333333,fall,2025,fall2025,inperson,Examination,False
1.0,0.94375,1.0,1.0,1.0,1.0,1.0,1.0,1.0,1.0,1.0,1.0,1.0,1.0,1.0,1.0,1.0,1.0,1.0,1.0,1.0,1.0,0.5,1.0,1.0,1.0,1.0,1.0,1.0,0.75,1.0,0.0,1.0,1.0,1.0,1.0,93.26923076923077,100.0,97.1875,93.26923076923077,fall,2025,fall2025,inperson,Preparation,False
1.0,0.9480000000000001,1.0,1.0,1.0,1.0,1.0,1.0,1.0,1.0,1.0,1.0,1.0,1.0,1.0,1.0,1.0,1.0,1.0,1.0,1.0,1.0,0.0,1.0,1.0,1.0,1.0,1.0,1.0,1.0,1.0,1.0,1.0,1.0,1.0,1.0,96.15384615384616,100.0,97.4,96.15384615384616,fall,2025,fall2025,inperson,Preparation,False
0.8933333333333333,0.8022500000000001,0.9,1.0,1.0,1.0,0.93,0.97,1.0,0.95,1.0,1.0,1.0,1.0,1.0,1.0,1.0,1.0,1.0,1.0,1.0,1.0,0.0,1.0,1.0,1.0,1.0,1.0,1.0,1.0,0.0,1.0,0.0,0.5,1.0,1.0,86.53846153846153,96.5,84.77916666666667,84.77916666666667,fall,2025,fall2025,inperson,Examination,False
0.8666666666666667,0.60675,1.0,1.0,1.0,1.0,1.0,0.97,1.0,1.0,1.0,1.0,1.0,1.0,1.0,1.0,1.0,1.0,1.0,1.0,1.0,0.0,1.0,0.27666666666666667,0.835,1.0,1.0,1.0,1.0,1.0,0.84,1.0,0.0,1.0,1.0,1.0,88.27564102564104,99.69999999999999,73.67083333333333,73.67083333333333,fall,2025,fall2025,inperson,Examination,False
0.9733333333333333,1.0,1.0,1.0,1.0,1.0,1.0,1.0,1.0,1.0,1.0,1.0,1.0,1.0,1.0,1.0,1.0,1.0,1.0,1.0,1.0,1.0,1.0,1.0,1.0,1.0,1.0,1.0,1.0,1.0,1.0,1.0,1.0,1.0,1.0,1.0,100.0,100.0,99.33333333333333,99.33333333333333,fall,2025,fall2025,inperson,Examination,False
0.8666666666666667,0.68825,1.0,1.0,1.0,0.2,0.995,0.9867,1.0,0.0,1.0,1.0,1.0,1.0,1.0,0.0,1.0,1.0,0.0,1.0,0.955,1.0,1.0,1.0,1.0,1.0,1.0,1.0,1.0,1.0,1.0,1.0,1.0,1.0,1.0,1.0,92.13461538461539,81.817,77.74583333333334,77.74583333333334,fall,2025,fall2025,inperson,Examination,False
0.9866666666666667,0.75575,0.9,1.0,1.0,1.0,0.745,1.0,0.95,1.0,1.0,1.0,1.0,1.0,1.0,1.0,1.0,0.6666666666666666,1.0,1.0,1.0,1.0,1.0,1.0,0.0,1.0,1.0,1.0,1.0,1.0,1.0,0.0,0.0,1.0,1.0,1.0,87.1794871794872,94.95,87.12083333333334,87.12083333333334,fall,2025,fall2025,inperson,Examination,False
0.6133333333333333,0.35275,0.82,1.0,1.0,1.0,0.85,0.9417,1.0,0.75,1.0,1.0,1.0,1.0,1.0,1.0,1.0,0.8333333333333334,1.0,1.0,0.0,1.0,1.0,1.0,1.0,0.0,1.0,0.0,0.0,1.0,0.56,0.0,0.0,0.0,0.0,0.0,63.05128205128204,91.81700000000001,48.30416666666666,48.30416666666666,fall,2025,fall2025,inperson,Examination,True
0.98,0.7457499999999999,0.95,1.0,1.0,1.0,1.0,1.0,1.0,1.0,1.0,1.0,1.0,1.0,1.0,1.0,0.0,1.0,1.0,1.0,1.0,1.0,1.0,1.0,1.0,1.0,1.0,1.0,1.0,1.0,1.0,1.0,1.0,1.0,1.0,1.0,96.15384615384616,99.0,86.2875,86.2875,fall,2025,fall2025,inperson,Examination,False
0.8066666666666666,0.9657500000000001,1.0,1.0,1.0,1.0,1.0,1.0,1.0,1.0,1.0,1.0,1.0,1.0,1.0,1.0,1.0,1.0,1.0,1.0,1.0,1.0,1.0,1.0,1.0,1.0,1.0,1.0,1.0,1.0,1.0,0.0,1.0,1.0,1.0,1.0,96.15384615384616,100.0,92.59791666666666,92.59791666666666,fall,2025,fall2025,inperson,Examination,False
1.0,0.9875,0.9,1.0,1.0,1.0,1.0,1.0,1.0,1.0,1.0,1.0,1.0,1.0,1.0,1.0,0.6666666666666666,1.0,1.0,1.0,1.0,1.0,1.0,1.0,1.0,1.0,0.5,1.0,1.0,1.0,1.0,1.0,1.0,1.0,1.0,1.0,96.79487179487181,98.0,99.375,96.79487179487181,fall,2025,fall2025,inperson,Preparation,False
0.8666666666666667,0.8105,1.0,1.0,1.0,1.0,1.0,0.9267,1.0,1.0,1.0,1.0,1.0,1.0,1.0,1.0,1.0,0.6666666666666666,1.0,1.0,0.955,1.0,1.0,1.0,1.0,1.0,1.0,1.0,1.0,1.0,1.0,1.0,1.0,1.0,1.0,1.0,98.54487179487181,99.267,83.85833333333333,83.85833333333333,fall,2025,fall2025,inperson,Examination,False
1.0,0.8675,1.0,1.0,1.0,1.0,1.0,1.0,1.0,1.0,1.0,1.0,1.0,1.0,0.0,1.0,1.0,1.0,1.0,1.0,1.0,1.0,0.0,1.0,1.0,1.0,1.0,1.0,1.0,1.0,1.0,1.0,1.0,1.0,1.0,1.0,92.3076923076923,100.0,93.375,92.3076923076923,fall,2025,fall2025,inperson,Preparation,False
0.9333333333333333,0.968,1.0,1.0,1.0,1.0,1.0,1.0,1.0,1.0,1.0,1.0,1.0,1.0,0.0,1.0,1.0,1.0,1.0,1.0,1.0,1.0,1.0,1.0,1.0,1.0,1.0,1.0,1.0,1.0,1.0,1.0,1.0,1.0,1.0,0.0,92.3076923076923,100.0,95.93333333333332,92.3076923076923,fall,2025,fall2025,inperson,Preparation,False
0.8,0.86675,1.0,1.0,1.0,1.0,1.0,1.0,1.0,1.0,1.0,1.0,1.0,1.0,1.0,1.0,1.0,1.0,1.0,1.0,1.0,1.0,1.0,1.0,1.0,1.0,1.0,1.0,1.0,1.0,1.0,1.0,1.0,1.0,1.0,1.0,100.0,100.0,85.00625000000001,85.00625000000001,fall,2025,fall2025,inperson,Examination,False
1.0,0.90425,0.95,1.0,1.0,1.0,1.0,1.0,1.0,1.0,1.0,1.0,1.0,1.0,1.0,1.0,1.0,1.0,1.0,1.0,0.9775,1.0,1.0,1.0,1.0,1.0,1.0,1.0,1.0,1.0,1.0,1.0,1.0,1.0,1.0,1.0,99.91346153846153,99.0,95.2125,95.2125,fall,2025,fall2025,inperson,Examination,False
0.6533333333333334,0.8699999999999999,0.82,0.7,1.0,1.0,1.0,0.9867,1.0,1.0,1.0,1.0,1.0,1.0,1.0,0.3333333333333333,1.0,1.0,1.0,1.0,1.0,1.0,1.0,1.0,1.0,1.0,1.0,1.0,1.0,1.0,0.0,1.0,1.0,1.0,1.0,1.0,93.58974358974358,90.267,81.58333333333331,81.58333333333331,fall,2025,fall2025,inperson,Examination,False
0.9333333333333333,0.8949999999999999,0.87,1.0,1.0,1.0,1.0,0.9933,1.0,1.0,1.0,0.0,1.0,1.0,1.0,1.0,1.0,0.5,1.0,1.0,1.0,1.0,1.0,1.0,1.0,1.0,1.0,1.0,1.0,1.0,0.0,1.0,1.0,1.0,1.0,1.0,90.38461538461539,97.333,91.41666666666666,90.38461538461539,fall,2025,fall2025,inperson,Preparation,False
0.9333333333333333,0.925,0.82,1.0,1.0,1.0,1.0,1.0,1.0,0.9,1.0,1.0,1.0,1.0,1.0,1.0,0.6666666666666666,1.0,1.0,1.0,1.0,1.0,0.0,1.0,1.0,0.0,1.0,1.0,1.0,1.0,1.0,1.0,1.0,1.0,1.0,1.0,91.02564102564104,95.4,92.91666666666666,91.02564102564104,fall,2025,fall2025,inperson,Preparation,False
1.0,0.975,1.0,1.0,1.0,1.0,1.0,1.0,1.0,1.0,1.0,1.0,1.0,1.0,1.0,1.0,1.0,1.0,1.0,1.0,1.0,1.0,1.0,1.0,1.0,1.0,1.0,1.0,1.0,1.0,1.0,1.0,1.0,1.0,1.0,1.0,100.0,100.0,98.75,98.75,fall,2025,fall2025,inperson,Examination,False
0.8073333333333333,0.8082499999999999,1.0,0.55,1.0,1.0,1.0,1.0,1.0,1.0,1.0,1.0,1.0,1.0,1.0,1.0,0.6666666666666666,0.8333333333333334,1.0,1.0,1.0,1.0,1.0,1.0,1.0,1.0,1.0,1.0,1.0,0.0,1.0,1.0,1.0,1.0,1.0,1.0,94.23076923076923,91.0,80.80208333333333,80.80208333333333,fall,2025,fall2025,inperson,Examination,False
1.0,0.9417500000000001,0.1,1.0,1.0,1.0,1.0,1.0,1.0,1.0,1.0,1.0,1.0,1.0,0.0,1.0,1.0,1.0,1.0,1.0,1.0,1.0,1.0,1.0,1.0,1.0,1.0,1.0,0.0,1.0,1.0,1.0,1.0,1.0,1.0,1.0,92.3076923076923,82.0,97.0875,82.0,fall,2025,fall2025,inperson,Application,False
0.9333333333333333,0.9417500000000001,1.0,1.0,1.0,1.0,1.0,1.0,1.0,1.0,1.0,1.0,1.0,0.0,1.0,1.0,1.0,1.0,1.0,1.0,1.0,1.0,1.0,1.0,1.0,1.0,1.0,1.0,1.0,1.0,1.0,1.0,1.0,0.0,1.0,1.0,92.3076923076923,100.0,93.96458333333334,92.3076923076923,fall,2025,fall2025,inperson,Preparation,False
0.8666666666666667,0.8154999999999999,0.0,0.6,1.0,1.0,1.0,1.0,1.0,1.0,1.0,1.0,1.0,1.0,1.0,1.0,1.0,0.0,1.0,1.0,0.25,1.0,0.0,1.0,0.0,0.0,1.0,1.0,1.0,0.0,1.0,1.0,0.0,0.5,1.0,1.0,72.11538461538461,72.0,84.10833333333332,72.0,fall,2025,fall2025,inperson,Application,False
0.8466666666666666,0.9092499999999999,0.95,1.0,1.0,1.0,1.0,1.0,1.0,1.0,1.0,1.0,1.0,1.0,1.0,1.0,1.0,1.0,1.0,1.0,1.0,1.0,0.0,1.0,1.0,1.0,1.0,1.0,1.0,1.0,1.0,1.0,1.0,1.0,0.0,1.0,92.3076923076923,99.0,89.36041666666665,89.36041666666665,fall,2025,fall2025,inperson,Examination,False
1.0,0.77925,1.0,0.85,1.0,1.0,1.0,1.0,1.0,1.0,1.0,1.0,1.0,1.0,0.0,1.0,1.0,0.0,1.0,1.0,1.0,1.0,1.0,0.0,1.0,1.0,1.0,1.0,1.0,1.0,1.0,1.0,1.0,1.0,1.0,1.0,88.46153846153847,97.0,88.9625,88.46153846153847,fall,2025,fall2025,inperson,Preparation,False
0.86,0.8957499999999999,0.9,1.0,1.0,1.0,1.0,1.0,1.0,1.0,1.0,1.0,1.0,1.0,1.0,1.0,1.0,0.8333333333333334,1.0,1.0,1.0,1.0,0.6666666666666666,1.0,1.0,1.0,1.0,1.0,0.0,1.0,1.0,1.0,0.0,1.0,1.0,1.0,90.38461538461539,98.0,88.68124999999999,88.68124999999999,fall,2025,fall2025,inperson,Examination,False
0.9266666666666666,0.93875,0.95,1.0,1.0,1.0,1.0,0.8,1.0,1.0,1.0,1.0,1.0,1.0,1.0,1.0,1.0,1.0,1.0,1.0,1.0,1.0,1.0,1.0,1.0,1.0,1.0,1.0,0.0,1.0,1.0,1.0,1.0,0.0,1.0,1.0,92.3076923076923,97.0,93.57291666666666,92.3076923076923,fall,2025,fall2025,inperson,Preparation,False
0.8666666666666667,0.8480000000000001,0.82,1.0,1.0,1.0,1.0,1.0,1.0,1.0,1.0,1.0,1.0,1.0,1.0,1.0,1.0,1.0,1.0,1.0,1.0,1.0,1.0,0.6666666666666666,1.0,0.0,1.0,1.0,1.0,1.0,1.0,1.0,1.0,1.0,1.0,1.0,94.87179487179486,96.4,85.73333333333335,85.73333333333335,fall,2025,fall2025,inperson,Examination,False
0.6733333333333333,0.545,0.72,0.85,1.0,1.0,0.985,0.19,1.0,0.95,1.0,1.0,1.0,1.0,1.0,0.8666666666666667,1.0,1.0,1.0,0.0,0.0,0.0,1.0,1.0,0.835,1.0,0.0,1.0,1.0,0.0,0.92,1.0,1.0,0.0,0.915,1.0,75.14102564102565,82.65,60.91666666666667,60.91666666666667,fall,2025,fall2025,inperson,Examination,True
0.7933333333333333,0.72175,0.95,1.0,1.0,1.0,1.0,0.9933,1.0,0.8,1.0,1.0,1.0,1.0,1.0,1.0,0.6666666666666666,1.0,1.0,1.0,1.0,1.0,1.0,1.0,0.0,0.0,1.0,1.0,0.0,1.0,1.0,1.0,1.0,1.0,1.0,1.0,87.1794871794872,96.93299999999999,75.75416666666666,75.75416666666666,fall,2025,fall2025,inperson,Examination,False
0.9333333333333333,0.99725,1.0,1.0,1.0,1.0,1.0,1.0,1.0,1.0,1.0,1.0,1.0,1.0,1.0,1.0,1.0,1.0,1.0,1.0,1.0,1.0,1.0,1.0,1.0,1.0,1.0,1.0,1.0,1.0,1.0,1.0,1.0,1.0,1.0,1.0,100.0,100.0,98.12708333333333,98.12708333333333,fall,2025,fall2025,inperson,Examination,False
1.0,0.8949999999999999,1.0,1.0,1.0,1.0,1.0,1.0,1.0,1.0,1.0,1.0,1.0,1.0,1.0,1.0,1.0,1.0,1.0,1.0,1.0,1.0,1.0,1.0,1.0,1.0,1.0,1.0,0.0,1.0,1.0,1.0,1.0,1.0,1.0,1.0,96.15384615384616,100.0,94.75,94.75,fall,2025,fall2025,inperson,Examination,False
1.0,0.86875,1.0,1.0,1.0,1.0,1.0,1.0,1.0,1.0,1.0,1.0,1.0,0.0,1.0,1.0,1.0,1.0,1.0,1.0,1.0,1.0,1.0,1.0,1.0,1.0,1.0,1.0,1.0,1.0,1.0,1.0,1.0,1.0,1.0,1.0,96.15384615384616,100.0,93.4375,93.4375,fall,2025,fall2025,inperson,Examination,False
0.8533333333333334,0.90175,1.0,1.0,1.0,1.0,1.0,1.0,1.0,1.0,1.0,1.0,1.0,1.0,1.0,1.0,1.0,0.0,1.0,1.0,1.0,1.0,1.0,1.0,1.0,1.0,1.0,1.0,1.0,1.0,0.0,1.0,1.0,1.0,1.0,1.0,92.3076923076923,100.0,88.96458333333334,88.96458333333334,fall,2025,fall2025,inperson,Examination,False
0.84,0.95425,0.87,1.0,1.0,1.0,1.0,1.0,1.0,1.0,1.0,1.0,1.0,1.0,1.0,1.0,1.0,1.0,1.0,1.0,1.0,1.0,1.0,1.0,1.0,1.0,1.0,1.0,1.0,1.0,1.0,1.0,1.0,1.0,1.0,1.0,100.0,97.4,92.56875000000001,92.56875000000001,fall,2025,fall2025,inperson,Examination,False
0.7853333333333333,0.60175,1.0,1.0,1.0,1.0,1.0,0.1317,1.0,1.0,1.0,1.0,1.0,0.0,1.0,1.0,0.6666666666666666,1.0,1.0,1.0,1.0,1.0,1.0,1.0,1.0,0.0,1.0,1.0,1.0,1.0,0.8,1.0,0.0,1.0,1.0,1.0,86.41025641025642,91.31700000000001,69.35416666666666,69.35416666666666,fall,2025,fall2025,inperson,Examination,True
1.0,0.83625,0.9,1.0,0.75,1.0,0.88,0.9717,1.0,1.0,0.0,0.0,0.9333333333333332,1.0,1.0,1.0,1.0,1.0,1.0,1.0,0.955,1.0,0.0,1.0,1.0,1.0,0.0,1.0,1.0,1.0,1.0,1.0,1.0,1.0,1.0,1.0,84.18589743589745,94.017,91.8125,84.18589743589745,fall,2025,fall2025,inperson,Preparation,False
1.0,0.9875,0.95,1.0,1.0,1.0,1.0,1.0,1.0,1.0,1.0,1.0,1.0,1.0,1.0,1.0,1.0,1.0,1.0,1.0,1.0,1.0,1.0,1.0,0.835,1.0,1.0,1.0,1.0,1.0,1.0,1.0,1.0,1.0,1.0,1.0,99.36538461538461,99.0,99.375,99.0,fall,2025,fall2025,inperson,Application,False
1.0,0.9957499999999999,1.0,1.0,1.0,1.0,1.0,1.0,1.0,1.0,1.0,1.0,1.0,1.0,1.0,1.0,1.0,1.0,1.0,1.0,1.0,1.0,1.0,1.0,1.0,1.0,1.0,1.0,1.0,1.0,1.0,1.0,1.0,1.0,1.0,1.0,100.0,100.0,99.7875,99.7875,fall,2025,fall2025,inperson,Examination,False
0.332,0.34950000000000003,0.95,1.0,1.0,1.0,1.0,1.0,1.0,1.0,1.0,1.0,1.0,1.0,1.0,1.0,1.0,1.0,1.0,1.0,1.0,1.0,1.0,1.0,1.0,1.0,1.0,1.0,1.0,1.0,1.0,1.0,1.0,1.0,1.0,1.0,100.0,99.0,34.5125,34.5125,fall,2025,fall2025,inperson,Examination,True
0.9,0.975,1.0,1.0,1.0,1.0,0.85,0.94,1.0,1.0,1.0,1.0,1.0,1.0,1.0,0.6666666666666666,1.0,0.8333333333333334,1.0,1.0,0.0,1.0,1.0,1.0,1.0,0.0,1.0,1.0,1.0,1.0,1.0,1.0,1.0,1.0,1.0,1.0,90.38461538461539,97.9,95.625,90.38461538461539,fall,2025,fall2025,inperson,Preparation,False
1.0,0.875,1.0,1.0,1.0,1.0,1.0,1.0,1.0,1.0,1.0,1.0,1.0,1.0,1.0,1.0,1.0,1.0,1.0,1.0,1.0,1.0,1.0,1.0,1.0,1.0,1.0,1.0,1.0,1.0,1.0,1.0,1.0,1.0,1.0,1.0,100.0,100.0,93.75,93.75,fall,2025,fall2025,inperson,Examination,False
0.8666666666666667,0.7707499999999999,0.87,1.0,1.0,1.0,1.0,1.0,1.0,0.0,1.0,1.0,1.0,1.0,1.0,1.0,1.0,1.0,1.0,1.0,0.0,1.0,1.0,1.0,1.0,1.0,1.0,0.0,1.0,1.0,1.0,1.0,0.0,0.0,1.0,0.0,80.76923076923077,87.4,81.87083333333334,80.76923076923077,fall,2025,fall2025,inperson,Preparation,False
1.0,0.8125,0.95,1.0,1.0,1.0,1.0,1.0,1.0,0.75,1.0,1.0,1.0,1.0,1.0,1.0,1.0,1.0,1.0,1.0,1.0,1.0,1.0,1.0,1.0,0.0,1.0,1.0,1.0,1.0,1.0,1.0,1.0,1.0,1.0,1.0,96.15384615384616,96.5,90.625,90.625,fall,2025,fall2025,inperson,Examination,False
0.9333333333333333,0.89025,1.0,1.0,1.0,1.0,1.0,1.0,1.0,1.0,1.0,1.0,1.0,1.0,1.0,1.0,0.0,1.0,1.0,1.0,1.0,1.0,1.0,1.0,1.0,1.0,1.0,1.0,1.0,1.0,1.0,1.0,1.0,1.0,1.0,1.0,96.15384615384616,100.0,91.17916666666667,91.17916666666667,fall,2025,fall2025,inperson,Examination,False
1.0,0.99725,1.0,1.0,1.0,1.0,1.0,1.0,1.0,1.0,1.0,1.0,1.0,1.0,1.0,1.0,1.0,1.0,1.0,1.0,1.0,1.0,1.0,1.0,1.0,1.0,1.0,1.0,1.0,1.0,1.0,1.0,1.0,1.0,1.0,1.0,100.0,100.0,99.8625,99.8625,fall,2025,fall2025,inperson,Examination,False
0.8666666666666667,0.79075,0.95,1.0,1.0,1.0,1.0,1.0,1.0,1.0,1.0,1.0,1.0,1.0,1.0,1.0,1.0,0.8333333333333334,0.0,1.0,0.9775,1.0,1.0,1.0,1.0,1.0,1.0,1.0,1.0,1.0,1.0,1.0,1.0,1.0,1.0,1.0,95.42628205128204,99.0,82.87083333333334,82.87083333333334,fall,2025,fall2025,inperson,Examination,False
0.9266666666666666,0.8422499999999999,0.95,0.85,1.0,1.0,1.0,0.0,1.0,1.0,1.0,1.0,1.0,1.0,1.0,1.0,1.0,0.0,1.0,1.0,1.0,1.0,1.0,1.0,1.0,1.0,1.0,1.0,1.0,1.0,0.0,0.0,0.0,0.0,0.835,1.0,80.13461538461539,86.0,88.44583333333333,80.13461538461539,fall,2025,fall2025,inperson,Preparation,False
0.56,0.49450000000000005,0.82,1.0,0.75,1.0,1.0,0.9867,1.0,1.0,1.0,0.0,1.0,1.0,0.0,1.0,1.0,1.0,1.0,1.0,1.0,0.4,1.0,1.0,1.0,1.0,1.0,1.0,1.0,1.0,1.0,1.0,1.0,1.0,1.0,1.0,90.0,93.767,52.72500000000001,52.72500000000001,fall,2025,fall2025,inperson,Examination,True
1.0,0.90825,1.0,1.0,1.0,1.0,1.0,1.0,1.0,1.0,1.0,1.0,1.0,1.0,1.0,1.0,1.0,1.0,1.0,1.0,1.0,1.0,1.0,1.0,1.0,1.0,1.0,1.0,1.0,1.0,1.0,1.0,1.0,1.0,1.0,1.0,100.0,100.0,95.4125,95.4125,fall,2025,fall2025,inperson,Examination,False
0.8666666666666667,0.7525000000000001,1.0,1.0,1.0,1.0,1.0,1.0,1.0,1.0,1.0,1.0,1.0,1.0,1.0,1.0,1.0,1.0,1.0,1.0,1.0,1.0,0.0,1.0,1.0,1.0,1.0,1.0,1.0,1.0,1.0,1.0,1.0,1.0,1.0,1.0,96.15384615384616,100.0,80.95833333333334,80.95833333333334,fall,2025,fall2025,inperson,Examination,False
1.0,0.85,1.0,1.0,1.0,1.0,1.0,1.0,1.0,1.0,1.0,1.0,1.0,1.0,1.0,1.0,1.0,1.0,1.0,1.0,0.955,1.0,1.0,1.0,1.0,1.0,1.0,1.0,1.0,1.0,1.0,1.0,1.0,1.0,1.0,1.0,99.82692307692308,100.0,92.5,92.5,fall,2025,fall2025,inperson,Examination,False
